Reference Year,Basis Type,Season,State,Crop,Human Labour Cost (₹/ha),Seasonal Avg Daily Wage (₹/day),Yield (qtl/ha),Wage Reference Period,Human Labour Source,Wage Source,Yield Source,Source Report,Annex 5.6 Report Page,Notes
2021-22,Actual,Kharif,Andhra Pradesh,Arhar (Tur),7999,410.1,6.37,May–November 2021,Annex 5.6 – Break-up of Cost of Cultivation,Annex 5.3 – Monthly Average Daily Wage Rates,Annex 5.6 – Yield,"CACP Price Policy for Kharif Crops, Marketing Season 2025-26",243,
2021-22,Actual,Kharif,Andhra Pradesh,Cotton,32727,410.1,16.61,May–November 2021,Annex 5.6 – Break-up of Cost of Cultivation,Annex 5.3 – Monthly Average Daily Wage Rates,Annex 5.6 – Yield,"CACP Price Policy for Kharif Crops, Marketing Season 2025-26",269,
2021-22,Actual,Kharif,Andhra Pradesh,Groundnut,25800,410.1,9.76,May–November 2021,Annex 5.6 – Break-up of Cost of Cultivation,Annex 5.3 – Monthly Average Daily Wage Rates,Annex 5.6 – Yield,"CACP Price Policy for Kharif Crops, Marketing Season 2025-26",256,
2021-22,Actual,Kharif,Andhra Pradesh,Jowar,24797,410.1,47.27,May–November 2021,Annex 5.6 – Break-up of Cost of Cultivation,Annex 5.3 – Monthly Average Daily Wage Rates,Annex 5.6 – Yield,"CACP Price Policy for Kharif Crops, Marketing Season 2025-26",230,
2021-22,Actual,Kharif,Andhra Pradesh,Maize,20405,410.1,71.9,May–November 2021,Annex 5.6 – Break-up of Cost of Cultivation,Annex 5.3 – Monthly Average Daily Wage Rates,Annex 5.6 – Yield,"CACP Price Policy for Kharif Crops, Marketing Season 2025-26",236,
2021-22,Actual,Kharif,Andhra Pradesh,Moong,9671,410.1,7.01,May–November 2021,Annex 5.6 – Break-up of Cost of Cultivation,Annex 5.3 – Monthly Average Daily Wage Rates,Annex 5.6 – Yield,"CACP Price Policy for Kharif Crops, Marketing Season 2025-26",247,
2021-22,Actual,Kharif,Andhra Pradesh,Paddy,34115,410.1,57.09,May–November 2021,Annex 5.6 – Break-up of Cost of Cultivation,Annex 5.3 – Monthly Average Daily Wage Rates,Annex 5.6 – Yield,"CACP Price Policy for Kharif Crops, Marketing Season 2025-26",221,
2021-22,Actual,Kharif,Andhra Pradesh,Sesamum,11973,410.1,3.61,May–November 2021,Annex 5.6 – Break-up of Cost of Cultivation,Annex 5.3 – Monthly Average Daily Wage Rates,Annex 5.6 – Yield,"CACP Price Policy for Kharif Crops, Marketing Season 2025-26",265,
2021-22,Actual,Kharif,Andhra Pradesh,Sunflower,15436,410.1,10.24,May–November 2021,Annex 5.6 – Break-up of Cost of Cultivation,Annex 5.3 – Monthly Average Daily Wage Rates,Annex 5.6 – Yield,"CACP Price Policy for Kharif Crops, Marketing Season 2025-26",264,
2021-22,Actual,Kharif,Andhra Pradesh,Urad,15133,410.1,10.89,May–November 2021,Annex 5.6 – Break-up of Cost of Cultivation,Annex 5.3 – Monthly Average Daily Wage Rates,Annex 5.6 – Yield,"CACP Price Policy for Kharif Crops, Marketing Season 2025-26",251,
2021-22,Actual,Kharif,Assam,Paddy,25920,317.4,36.84,May–November 2021,Annex 5.6 – Break-up of Cost of Cultivation,Annex 5.3 – Monthly Average Daily Wage Rates,Annex 5.6 – Yield,"CACP Price Policy for Kharif Crops, Marketing Season 2025-26",221,
2021-22,Actual,Kharif,Bihar,Maize,18712,306.9,46.07,May–November 2021,Annex 5.6 – Break-up of Cost of Cultivation,Annex 5.3 – Monthly Average Daily Wage Rates,Annex 5.6 – Yield,"CACP Price Policy for Kharif Crops, Marketing Season 2025-26",236,
2021-22,Actual,Kharif,Bihar,Paddy,22850,306.9,28.58,May–November 2021,Annex 5.6 – Break-up of Cost of Cultivation,Annex 5.3 – Monthly Average Daily Wage Rates,Annex 5.6 – Yield,"CACP Price Policy for Kharif Crops, Marketing Season 2025-26",222,
2021-22,Actual,Kharif,Chhattisgarh,Paddy,15561,,41.86,May–November 2021,Annex 5.6 – Break-up of Cost of Cultivation,Annex 5.3 – Monthly Average Daily Wage Rates,Annex 5.6 – Yield,"CACP Price Policy for Kharif Crops, Marketing Season 2025-26",222,
2021-22,Actual,Kharif,Gujarat,Arhar (Tur),17079,240.7,9.52,May–November 2021,Annex 5.6 – Break-up of Cost of Cultivation,Annex 5.3 – Monthly Average Daily Wage Rates,Annex 5.6 – Yield,"CACP Price Policy for Kharif Crops, Marketing Season 2025-26",243,
2021-22,Actual,Kharif,Gujarat,Bajra,27959,240.7,27.73,May–November 2021,Annex 5.6 – Break-up of Cost of Cultivation,Annex 5.3 – Monthly Average Daily Wage Rates,Annex 5.6 – Yield,"CACP Price Policy for Kharif Crops, Marketing Season 2025-26",233,
2021-22,Actual,Kharif,Gujarat,Cotton,33296,240.7,14.82,May–November 2021,Annex 5.6 – Break-up of Cost of Cultivation,Annex 5.3 – Monthly Average Daily Wage Rates,Annex 5.6 – Yield,"CACP Price Policy for Kharif Crops, Marketing Season 2025-26",269,
2021-22,Actual,Kharif,Gujarat,Groundnut,24528,240.7,16.5,May–November 2021,Annex 5.6 – Break-up of Cost of Cultivation,Annex 5.3 – Monthly Average Daily Wage Rates,Annex 5.6 – Yield,"CACP Price Policy for Kharif Crops, Marketing Season 2025-26",256,
2021-22,Actual,Kharif,Gujarat,Maize,26426,240.7,22.48,May–November 2021,Annex 5.6 – Break-up of Cost of Cultivation,Annex 5.3 – Monthly Average Daily Wage Rates,Annex 5.6 – Yield,"CACP Price Policy for Kharif Crops, Marketing Season 2025-26",237,
2021-22,Actual,Kharif,Gujarat,Moong,16886,240.7,6.61,May–November 2021,Annex 5.6 – Break-up of Cost of Cultivation,Annex 5.3 – Monthly Average Daily Wage Rates,Annex 5.6 – Yield,"CACP Price Policy for Kharif Crops, Marketing Season 2025-26",247,
2021-22,Actual,Kharif,Gujarat,Paddy,24749,240.7,37,May–November 2021,Annex 5.6 – Break-up of Cost of Cultivation,Annex 5.3 – Monthly Average Daily Wage Rates,Annex 5.6 – Yield,"CACP Price Policy for Kharif Crops, Marketing Season 2025-26",223,
2021-22,Actual,Kharif,Gujarat,Sesamum,19320,240.7,3.21,May–November 2021,Annex 5.6 – Break-up of Cost of Cultivation,Annex 5.3 – Monthly Average Daily Wage Rates,Annex 5.6 – Yield,"CACP Price Policy for Kharif Crops, Marketing Season 2025-26",265,
2021-22,Actual,Kharif,Gujarat,Soybean,19785,240.7,6.3,May–November 2021,Annex 5.6 – Break-up of Cost of Cultivation,Annex 5.3 – Monthly Average Daily Wage Rates,Annex 5.6 – Yield,"CACP Price Policy for Kharif Crops, Marketing Season 2025-26",261,
2021-22,Actual,Kharif,Gujarat,Urad,15962,240.7,4.14,May–November 2021,Annex 5.6 – Break-up of Cost of Cultivation,Annex 5.3 – Monthly Average Daily Wage Rates,Annex 5.6 – Yield,"CACP Price Policy for Kharif Crops, Marketing Season 2025-26",251,
2021-22,Actual,Kharif,Haryana,Bajra,16163,399.6,14.34,May–November 2021,Annex 5.6 – Break-up of Cost of Cultivation,Annex 5.3 – Monthly Average Daily Wage Rates,Annex 5.6 – Yield,"CACP Price Policy for Kharif Crops, Marketing Season 2025-26",233,
2021-22,Actual,Kharif,Haryana,Cotton,27399,399.6,10.89,May–November 2021,Annex 5.6 – Break-up of Cost of Cultivation,Annex 5.3 – Monthly Average Daily Wage Rates,Annex 5.6 – Yield,"CACP Price Policy for Kharif Crops, Marketing Season 2025-26",270,
2021-22,Actual,Kharif,Haryana,Paddy,23291,399.6,52.87,May–November 2021,Annex 5.6 – Break-up of Cost of Cultivation,Annex 5.3 – Monthly Average Daily Wage Rates,Annex 5.6 – Yield,"CACP Price Policy for Kharif Crops, Marketing Season 2025-26",223,
2021-22,Actual,Kharif,Himachal Pradesh,Maize,23265,468.1,19.32,May–November 2021,Annex 5.6 – Break-up of Cost of Cultivation,Annex 5.3 – Monthly Average Daily Wage Rates,Annex 5.6 – Yield,"CACP Price Policy for Kharif Crops, Marketing Season 2025-26",237,
2021-22,Actual,Kharif,Himachal Pradesh,Paddy,27444,468.1,30.92,May–November 2021,Annex 5.6 – Break-up of Cost of Cultivation,Annex 5.3 – Monthly Average Daily Wage Rates,Annex 5.6 – Yield,"CACP Price Policy for Kharif Crops, Marketing Season 2025-26",224,
2021-22,Actual,Kharif,Jharkhand,Paddy,24890,,27.35,May–November 2021,Annex 5.6 – Break-up of Cost of Cultivation,Annex 5.3 – Monthly Average Daily Wage Rates,Annex 5.6 – Yield,"CACP Price Policy for Kharif Crops, Marketing Season 2025-26",224,
2021-22,Actual,Kharif,Karnataka,Arhar (Tur),10522,366,6.67,May–November 2021,Annex 5.6 – Break-up of Cost of Cultivation,Annex 5.3 – Monthly Average Daily Wage Rates,Annex 5.6 – Yield,"CACP Price Policy for Kharif Crops, Marketing Season 2025-26",244,
2021-22,Actual,Kharif,Karnataka,Cotton,30364,366,13.29,May–November 2021,Annex 5.6 – Break-up of Cost of Cultivation,Annex 5.3 – Monthly Average Daily Wage Rates,Annex 5.6 – Yield,"CACP Price Policy for Kharif Crops, Marketing Season 2025-26",270,
2021-22,Actual,Kharif,Karnataka,Groundnut,24547,366,12.23,May–November 2021,Annex 5.6 – Break-up of Cost of Cultivation,Annex 5.3 – Monthly Average Daily Wage Rates,Annex 5.6 – Yield,"CACP Price Policy for Kharif Crops, Marketing Season 2025-26",257,
2021-22,Actual,Kharif,Karnataka,Jowar,16734,366,11.08,May–November 2021,Annex 5.6 – Break-up of Cost of Cultivation,Annex 5.3 – Monthly Average Daily Wage Rates,Annex 5.6 – Yield,"CACP Price Policy for Kharif Crops, Marketing Season 2025-26",230,
2021-22,Actual,Kharif,Karnataka,Maize,18770,366,35.46,May–November 2021,Annex 5.6 – Break-up of Cost of Cultivation,Annex 5.3 – Monthly Average Daily Wage Rates,Annex 5.6 – Yield,"CACP Price Policy for Kharif Crops, Marketing Season 2025-26",238,
2021-22,Actual,Kharif,Karnataka,Moong,11838,366,4.6,May–November 2021,Annex 5.6 – Break-up of Cost of Cultivation,Annex 5.3 – Monthly Average Daily Wage Rates,Annex 5.6 – Yield,"CACP Price Policy for Kharif Crops, Marketing Season 2025-26",248,
2021-22,Actual,Kharif,Karnataka,Paddy,25776,366,48,May–November 2021,Annex 5.6 – Break-up of Cost of Cultivation,Annex 5.3 – Monthly Average Daily Wage Rates,Annex 5.6 – Yield,"CACP Price Policy for Kharif Crops, Marketing Season 2025-26",225,
2021-22,Actual,Kharif,Karnataka,Ragi,30879,366,13.42,May–November 2021,Annex 5.6 – Break-up of Cost of Cultivation,Annex 5.3 – Monthly Average Daily Wage Rates,Annex 5.6 – Yield,"CACP Price Policy for Kharif Crops, Marketing Season 2025-26",242,
2021-22,Actual,Kharif,Karnataka,Soybean,13998,366,13.55,May–November 2021,Annex 5.6 – Break-up of Cost of Cultivation,Annex 5.3 – Monthly Average Daily Wage Rates,Annex 5.6 – Yield,"CACP Price Policy for Kharif Crops, Marketing Season 2025-26",261,
2021-22,Actual,Kharif,Karnataka,Sunflower,15303,366,7.87,May–November 2021,Annex 5.6 – Break-up of Cost of Cultivation,Annex 5.3 – Monthly Average Daily Wage Rates,Annex 5.6 – Yield,"CACP Price Policy for Kharif Crops, Marketing Season 2025-26",264,
2021-22,Actual,Kharif,Karnataka,Urad,12480,366,5.39,May–November 2021,Annex 5.6 – Break-up of Cost of Cultivation,Annex 5.3 – Monthly Average Daily Wage Rates,Annex 5.6 – Yield,"CACP Price Policy for Kharif Crops, Marketing Season 2025-26",252,
2021-22,Actual,Kharif,Kerala,Paddy,42047,741.6,36.23,May–November 2021,Annex 5.6 – Break-up of Cost of Cultivation,Annex 5.3 – Monthly Average Daily Wage Rates,Annex 5.6 – Yield,"CACP Price Policy for Kharif Crops, Marketing Season 2025-26",225,
2021-22,Actual,Kharif,Madhya Pradesh,Cotton,30295,239,15.05,May–November 2021,Annex 5.6 – Break-up of Cost of Cultivation,Annex 5.3 – Monthly Average Daily Wage Rates,Annex 5.6 – Yield,"CACP Price Policy for Kharif Crops, Marketing Season 2025-26",271,
2021-22,Actual,Kharif,Madhya Pradesh,Maize,13869,239,31.14,May–November 2021,Annex 5.6 – Break-up of Cost of Cultivation,Annex 5.3 – Monthly Average Daily Wage Rates,Annex 5.6 – Yield,"CACP Price Policy for Kharif Crops, Marketing Season 2025-26",238,
2021-22,Actual,Kharif,Madhya Pradesh,Paddy,17865,239,44.87,May–November 2021,Annex 5.6 – Break-up of Cost of Cultivation,Annex 5.3 – Monthly Average Daily Wage Rates,Annex 5.6 – Yield,"CACP Price Policy for Kharif Crops, Marketing Season 2025-26",226,
2021-22,Actual,Kharif,Madhya Pradesh,Sesamum,14239,239,5.77,May–November 2021,Annex 5.6 – Break-up of Cost of Cultivation,Annex 5.3 – Monthly Average Daily Wage Rates,Annex 5.6 – Yield,"CACP Price Policy for Kharif Crops, Marketing Season 2025-26",266,
2021-22,Actual,Kharif,Madhya Pradesh,Soybean,8167,239,10.74,May–November 2021,Annex 5.6 – Break-up of Cost of Cultivation,Annex 5.3 – Monthly Average Daily Wage Rates,Annex 5.6 – Yield,"CACP Price Policy for Kharif Crops, Marketing Season 2025-26",262,
2021-22,Actual,Kharif,Madhya Pradesh,Urad,7791,239,5.84,May–November 2021,Annex 5.6 – Break-up of Cost of Cultivation,Annex 5.3 – Monthly Average Daily Wage Rates,Annex 5.6 – Yield,"CACP Price Policy for Kharif Crops, Marketing Season 2025-26",252,
2021-22,Actual,Kharif,Maharashtra,Arhar (Tur),36277,328.7,19.91,May–November 2021,Annex 5.6 – Break-up of Cost of Cultivation,Annex 5.3 – Monthly Average Daily Wage Rates,Annex 5.6 – Yield,"CACP Price Policy for Kharif Crops, Marketing Season 2025-26",244,
2021-22,Actual,Kharif,Maharashtra,Bajra,30848,328.7,26.34,May–November 2021,Annex 5.6 – Break-up of Cost of Cultivation,Annex 5.3 – Monthly Average Daily Wage Rates,Annex 5.6 – Yield,"CACP Price Policy for Kharif Crops, Marketing Season 2025-26",234,
2021-22,Actual,Kharif,Maharashtra,Cotton,37228,328.7,12.73,May–November 2021,Annex 5.6 – Break-up of Cost of Cultivation,Annex 5.3 – Monthly Average Daily Wage Rates,Annex 5.6 – Yield,"CACP Price Policy for Kharif Crops, Marketing Season 2025-26",271,
2021-22,Actual,Kharif,Maharashtra,Groundnut,49519,328.7,11.74,May–November 2021,Annex 5.6 – Break-up of Cost of Cultivation,Annex 5.3 – Monthly Average Daily Wage Rates,Annex 5.6 – Yield,"CACP Price Policy for Kharif Crops, Marketing Season 2025-26",257,
2021-22,Actual,Kharif,Maharashtra,Jowar,18340,328.7,10.76,May–November 2021,Annex 5.6 – Break-up of Cost of Cultivation,Annex 5.3 – Monthly Average Daily Wage Rates,Annex 5.6 – Yield,"CACP Price Policy for Kharif Crops, Marketing Season 2025-26",231,
2021-22,Actual,Kharif,Maharashtra,Maize,27726,328.7,57,May–November 2021,Annex 5.6 – Break-up of Cost of Cultivation,Annex 5.3 – Monthly Average Daily Wage Rates,Annex 5.6 – Yield,"CACP Price Policy for Kharif Crops, Marketing Season 2025-26",239,
2021-22,Actual,Kharif,Maharashtra,Moong,20503,328.7,8.09,May–November 2021,Annex 5.6 – Break-up of Cost of Cultivation,Annex 5.3 – Monthly Average Daily Wage Rates,Annex 5.6 – Yield,"CACP Price Policy for Kharif Crops, Marketing Season 2025-26",248,
2021-22,Actual,Kharif,Maharashtra,Paddy,39273,328.7,20.55,May–November 2021,Annex 5.6 – Break-up of Cost of Cultivation,Annex 5.3 – Monthly Average Daily Wage Rates,Annex 5.6 – Yield,"CACP Price Policy for Kharif Crops, Marketing Season 2025-26",226,
2021-22,Actual,Kharif,Maharashtra,Soybean,18133,328.7,16.08,May–November 2021,Annex 5.6 – Break-up of Cost of Cultivation,Annex 5.3 – Monthly Average Daily Wage Rates,Annex 5.6 – Yield,"CACP Price Policy for Kharif Crops, Marketing Season 2025-26",262,
2021-22,Actual,Kharif,Maharashtra,Urad,19157,328.7,8.06,May–November 2021,Annex 5.6 – Break-up of Cost of Cultivation,Annex 5.3 – Monthly Average Daily Wage Rates,Annex 5.6 – Yield,"CACP Price Policy for Kharif Crops, Marketing Season 2025-26",253,
2021-22,Actual,Kharif,Odisha,Arhar (Tur),12301,258.1,4.09,May–November 2021,Annex 5.6 – Break-up of Cost of Cultivation,Annex 5.3 – Monthly Average Daily Wage Rates,Annex 5.6 – Yield,"CACP Price Policy for Kharif Crops, Marketing Season 2025-26",245,
2021-22,Actual,Kharif,Odisha,Cotton,38385,258.1,13.86,May–November 2021,Annex 5.6 – Break-up of Cost of Cultivation,Annex 5.3 – Monthly Average Daily Wage Rates,Annex 5.6 – Yield,"CACP Price Policy for Kharif Crops, Marketing Season 2025-26",272,
2021-22,Actual,Kharif,Odisha,Groundnut,30957,258.1,7.81,May–November 2021,Annex 5.6 – Break-up of Cost of Cultivation,Annex 5.3 – Monthly Average Daily Wage Rates,Annex 5.6 – Yield,"CACP Price Policy for Kharif Crops, Marketing Season 2025-26",258,
2021-22,Actual,Kharif,Odisha,Moong,10903,258.1,4.07,May–November 2021,Annex 5.6 – Break-up of Cost of Cultivation,Annex 5.3 – Monthly Average Daily Wage Rates,Annex 5.6 – Yield,"CACP Price Policy for Kharif Crops, Marketing Season 2025-26",249,
2021-22,Actual,Kharif,Odisha,Nigerseed,14548,258.1,3.28,May–November 2021,Annex 5.6 – Break-up of Cost of Cultivation,Annex 5.3 – Monthly Average Daily Wage Rates,Annex 5.6 – Yield,"CACP Price Policy for Kharif Crops, Marketing Season 2025-26",268,
2021-22,Actual,Kharif,Odisha,Paddy,31776,258.1,40.48,May–November 2021,Annex 5.6 – Break-up of Cost of Cultivation,Annex 5.3 – Monthly Average Daily Wage Rates,Annex 5.6 – Yield,"CACP Price Policy for Kharif Crops, Marketing Season 2025-26",227,
2021-22,Actual,Kharif,Odisha,Ragi,24619,258.1,8.7,May–November 2021,Annex 5.6 – Break-up of Cost of Cultivation,Annex 5.3 – Monthly Average Daily Wage Rates,Annex 5.6 – Yield,"CACP Price Policy for Kharif Crops, Marketing Season 2025-26",242,
2021-22,Actual,Kharif,Odisha,Urad,11192,258.1,3.5,May–November 2021,Annex 5.6 – Break-up of Cost of Cultivation,Annex 5.3 – Monthly Average Daily Wage Rates,Annex 5.6 – Yield,"CACP Price Policy for Kharif Crops, Marketing Season 2025-26",253,
2021-22,Actual,Kharif,Punjab,Cotton,26204,372.7,22.05,May–November 2021,Annex 5.6 – Break-up of Cost of Cultivation,Annex 5.3 – Monthly Average Daily Wage Rates,Annex 5.6 – Yield,"CACP Price Policy for Kharif Crops, Marketing Season 2025-26",272,
2021-22,Actual,Kharif,Punjab,Maize,22837,372.7,37.51,May–November 2021,Annex 5.6 – Break-up of Cost of Cultivation,Annex 5.3 – Monthly Average Daily Wage Rates,Annex 5.6 – Yield,"CACP Price Policy for Kharif Crops, Marketing Season 2025-26",239,
2021-22,Actual,Kharif,Punjab,Paddy,16811,372.7,69.8,May–November 2021,Annex 5.6 – Break-up of Cost of Cultivation,Annex 5.3 – Monthly Average Daily Wage Rates,Annex 5.6 – Yield,"CACP Price Policy for Kharif Crops, Marketing Season 2025-26",227,
2021-22,Actual,Kharif,Rajasthan,Bajra,20409,335.6,10.86,May–November 2021,Annex 5.6 – Break-up of Cost of Cultivation,Annex 5.3 – Monthly Average Daily Wage Rates,Annex 5.6 – Yield,"CACP Price Policy for Kharif Crops, Marketing Season 2025-26",234,
2021-22,Actual,Kharif,Rajasthan,Cotton,44702,335.6,19.31,May–November 2021,Annex 5.6 – Break-up of Cost of Cultivation,Annex 5.3 – Monthly Average Daily Wage Rates,Annex 5.6 – Yield,"CACP Price Policy for Kharif Crops, Marketing Season 2025-26",273,
2021-22,Actual,Kharif,Rajasthan,Groundnut,16769,335.6,25.62,May–November 2021,Annex 5.6 – Break-up of Cost of Cultivation,Annex 5.3 – Monthly Average Daily Wage Rates,Annex 5.6 – Yield,"CACP Price Policy for Kharif Crops, Marketing Season 2025-26",258,
2021-22,Actual,Kharif,Rajasthan,Jowar,27201,335.6,11.29,May–November 2021,Annex 5.6 – Break-up of Cost of Cultivation,Annex 5.3 – Monthly Average Daily Wage Rates,Annex 5.6 – Yield,"CACP Price Policy for Kharif Crops, Marketing Season 2025-26",231,
2021-22,Actual,Kharif,Rajasthan,Maize,30806,335.6,22.61,May–November 2021,Annex 5.6 – Break-up of Cost of Cultivation,Annex 5.3 – Monthly Average Daily Wage Rates,Annex 5.6 – Yield,"CACP Price Policy for Kharif Crops, Marketing Season 2025-26",240,
2021-22,Actual,Kharif,Rajasthan,Moong,14324,335.6,4.39,May–November 2021,Annex 5.6 – Break-up of Cost of Cultivation,Annex 5.3 – Monthly Average Daily Wage Rates,Annex 5.6 – Yield,"CACP Price Policy for Kharif Crops, Marketing Season 2025-26",249,
2021-22,Actual,Kharif,Rajasthan,Sesamum,18046,335.6,2.22,May–November 2021,Annex 5.6 – Break-up of Cost of Cultivation,Annex 5.3 – Monthly Average Daily Wage Rates,Annex 5.6 – Yield,"CACP Price Policy for Kharif Crops, Marketing Season 2025-26",266,
2021-22,Actual,Kharif,Rajasthan,Soybean,16519,335.6,9.52,May–November 2021,Annex 5.6 – Break-up of Cost of Cultivation,Annex 5.3 – Monthly Average Daily Wage Rates,Annex 5.6 – Yield,"CACP Price Policy for Kharif Crops, Marketing Season 2025-26",263,
2021-22,Actual,Kharif,Rajasthan,Urad,21421,335.6,4.85,May–November 2021,Annex 5.6 – Break-up of Cost of Cultivation,Annex 5.3 – Monthly Average Daily Wage Rates,Annex 5.6 – Yield,"CACP Price Policy for Kharif Crops, Marketing Season 2025-26",254,
2021-22,Actual,Kharif,Tamil Nadu,Cotton,66935,541.3,21.38,May–November 2021,Annex 5.6 – Break-up of Cost of Cultivation,Annex 5.3 – Monthly Average Daily Wage Rates,Annex 5.6 – Yield,"CACP Price Policy for Kharif Crops, Marketing Season 2025-26",273,
2021-22,Actual,Kharif,Tamil Nadu,Groundnut,31887,541.3,14.76,May–November 2021,Annex 5.6 – Break-up of Cost of Cultivation,Annex 5.3 – Monthly Average Daily Wage Rates,Annex 5.6 – Yield,"CACP Price Policy for Kharif Crops, Marketing Season 2025-26",259,
2021-22,Actual,Kharif,Tamil Nadu,Jowar,31735,541.3,11.72,May–November 2021,Annex 5.6 – Break-up of Cost of Cultivation,Annex 5.3 – Monthly Average Daily Wage Rates,Annex 5.6 – Yield,"CACP Price Policy for Kharif Crops, Marketing Season 2025-26",232,
2021-22,Actual,Kharif,Tamil Nadu,Maize,28359,541.3,42.14,May–November 2021,Annex 5.6 – Break-up of Cost of Cultivation,Annex 5.3 – Monthly Average Daily Wage Rates,Annex 5.6 – Yield,"CACP Price Policy for Kharif Crops, Marketing Season 2025-26",240,
2021-22,Actual,Kharif,Tamil Nadu,Moong,11888,541.3,4.21,May–November 2021,Annex 5.6 – Break-up of Cost of Cultivation,Annex 5.3 – Monthly Average Daily Wage Rates,Annex 5.6 – Yield,"CACP Price Policy for Kharif Crops, Marketing Season 2025-26",250,
2021-22,Actual,Kharif,Tamil Nadu,Paddy,22052,541.3,45.25,May–November 2021,Annex 5.6 – Break-up of Cost of Cultivation,Annex 5.3 – Monthly Average Daily Wage Rates,Annex 5.6 – Yield,"CACP Price Policy for Kharif Crops, Marketing Season 2025-26",228,
2021-22,Actual,Kharif,Tamil Nadu,Urad,14860,541.3,6.31,May–November 2021,Annex 5.6 – Break-up of Cost of Cultivation,Annex 5.3 – Monthly Average Daily Wage Rates,Annex 5.6 – Yield,"CACP Price Policy for Kharif Crops, Marketing Season 2025-26",254,
2021-22,Actual,Kharif,Telangana,Arhar (Tur),13498,,7.01,May–November 2021,Annex 5.6 – Break-up of Cost of Cultivation,Annex 5.3 – Monthly Average Daily Wage Rates,Annex 5.6 – Yield,"CACP Price Policy for Kharif Crops, Marketing Season 2025-26",245,
2021-22,Actual,Kharif,Telangana,Cotton,45426,,15.98,May–November 2021,Annex 5.6 – Break-up of Cost of Cultivation,Annex 5.3 – Monthly Average Daily Wage Rates,Annex 5.6 – Yield,"CACP Price Policy for Kharif Crops, Marketing Season 2025-26",274,
2021-22,Actual,Kharif,Telangana,Groundnut,39724,,17.84,May–November 2021,Annex 5.6 – Break-up of Cost of Cultivation,Annex 5.3 – Monthly Average Daily Wage Rates,Annex 5.6 – Yield,"CACP Price Policy for Kharif Crops, Marketing Season 2025-26",259,
2021-22,Actual,Kharif,Telangana,Maize,28102,,53.97,May–November 2021,Annex 5.6 – Break-up of Cost of Cultivation,Annex 5.3 – Monthly Average Daily Wage Rates,Annex 5.6 – Yield,"CACP Price Policy for Kharif Crops, Marketing Season 2025-26",241,
2021-22,Actual,Kharif,Telangana,Paddy,34901,,54.56,May–November 2021,Annex 5.6 – Break-up of Cost of Cultivation,Annex 5.3 – Monthly Average Daily Wage Rates,Annex 5.6 – Yield,"CACP Price Policy for Kharif Crops, Marketing Season 2025-26",228,
2021-22,Actual,Kharif,Telangana,Soybean,15595,,8.35,May–November 2021,Annex 5.6 – Break-up of Cost of Cultivation,Annex 5.3 – Monthly Average Daily Wage Rates,Annex 5.6 – Yield,"CACP Price Policy for Kharif Crops, Marketing Season 2025-26",263,
2021-22,Actual,Kharif,Uttar Pradesh,Arhar (Tur),26643,308.4,9.32,May–November 2021,Annex 5.6 – Break-up of Cost of Cultivation,Annex 5.3 – Monthly Average Daily Wage Rates,Annex 5.6 – Yield,"CACP Price Policy for Kharif Crops, Marketing Season 2025-26",246,
2021-22,Actual,Kharif,Uttar Pradesh,Bajra,18035,308.4,18.91,May–November 2021,Annex 5.6 – Break-up of Cost of Cultivation,Annex 5.3 – Monthly Average Daily Wage Rates,Annex 5.6 – Yield,"CACP Price Policy for Kharif Crops, Marketing Season 2025-26",235,
2021-22,Actual,Kharif,Uttar Pradesh,Groundnut,16512,308.4,10.44,May–November 2021,Annex 5.6 – Break-up of Cost of Cultivation,Annex 5.3 – Monthly Average Daily Wage Rates,Annex 5.6 – Yield,"CACP Price Policy for Kharif Crops, Marketing Season 2025-26",260,
2021-22,Actual,Kharif,Uttar Pradesh,Maize,19150,308.4,27.08,May–November 2021,Annex 5.6 – Break-up of Cost of Cultivation,Annex 5.3 – Monthly Average Daily Wage Rates,Annex 5.6 – Yield,"CACP Price Policy for Kharif Crops, Marketing Season 2025-26",241,
2021-22,Actual,Kharif,Uttar Pradesh,Moong,20199,308.4,2.98,May–November 2021,Annex 5.6 – Break-up of Cost of Cultivation,Annex 5.3 – Monthly Average Daily Wage Rates,Annex 5.6 – Yield,"CACP Price Policy for Kharif Crops, Marketing Season 2025-26",250,
2021-22,Actual,Kharif,Uttar Pradesh,Paddy,25329,308.4,36.15,May–November 2021,Annex 5.6 – Break-up of Cost of Cultivation,Annex 5.3 – Monthly Average Daily Wage Rates,Annex 5.6 – Yield,"CACP Price Policy for Kharif Crops, Marketing Season 2025-26",229,
2021-22,Actual,Kharif,Uttar Pradesh,Sesamum,12808,308.4,1.77,May–November 2021,Annex 5.6 – Break-up of Cost of Cultivation,Annex 5.3 – Monthly Average Daily Wage Rates,Annex 5.6 – Yield,"CACP Price Policy for Kharif Crops, Marketing Season 2025-26",267,
2021-22,Actual,Kharif,Uttar Pradesh,Urad,11582,308.4,3.02,May–November 2021,Annex 5.6 – Break-up of Cost of Cultivation,Annex 5.3 – Monthly Average Daily Wage Rates,Annex 5.6 – Yield,"CACP Price Policy for Kharif Crops, Marketing Season 2025-26",255,
2021-22,Actual,Kharif,West Bengal,Groundnut,68226,336.7,32.59,May–November 2021,Annex 5.6 – Break-up of Cost of Cultivation,Annex 5.3 – Monthly Average Daily Wage Rates,Annex 5.6 – Yield,"CACP Price Policy for Kharif Crops, Marketing Season 2025-26",260,
2021-22,Actual,Kharif,West Bengal,Paddy,45539,336.7,41.86,May–November 2021,Annex 5.6 – Break-up of Cost of Cultivation,Annex 5.3 – Monthly Average Daily Wage Rates,Annex 5.6 – Yield,"CACP Price Policy for Kharif Crops, Marketing Season 2025-26",229,
2021-22,Actual,Kharif,West Bengal,Sesamum,39414,336.7,10.18,May–November 2021,Annex 5.6 – Break-up of Cost of Cultivation,Annex 5.3 – Monthly Average Daily Wage Rates,Annex 5.6 – Yield,"CACP Price Policy for Kharif Crops, Marketing Season 2025-26",267,
2021-22,Actual,Rabi,Andhra Pradesh,Gram,9848,432.9,16.2,October 2021–April 2022,Annex 5.6 – Break-up of Cost of Cultivation,Annex 5.3 – Monthly Average Daily Wage Rates,Annex 5.6 – Yield,"CACP Price Policy for Rabi Crops, Marketing Season 2026-27",199,
2021-22,Actual,Rabi,Assam,Rapeseed & Mustard,15713,330.3,9.8,October 2021–April 2022,Annex 5.6 – Break-up of Cost of Cultivation,Annex 5.3 – Monthly Average Daily Wage Rates,Annex 5.6 – Yield,"CACP Price Policy for Rabi Crops, Marketing Season 2026-27",207,
2021-22,Actual,Rabi,Bihar,Gram,15161,315.3,13.3,October 2021–April 2022,Annex 5.6 – Break-up of Cost of Cultivation,Annex 5.3 – Monthly Average Daily Wage Rates,Annex 5.6 – Yield,"CACP Price Policy for Rabi Crops, Marketing Season 2026-27",199,
2021-22,Actual,Rabi,Bihar,Lentil (Masur),12000,315.3,9.5,October 2021–April 2022,Annex 5.6 – Break-up of Cost of Cultivation,Annex 5.3 – Monthly Average Daily Wage Rates,Annex 5.6 – Yield,"CACP Price Policy for Rabi Crops, Marketing Season 2026-27",205,
2021-22,Actual,Rabi,Bihar,Rapeseed & Mustard,14200,315.3,10.6,October 2021–April 2022,Annex 5.6 – Break-up of Cost of Cultivation,Annex 5.3 – Monthly Average Daily Wage Rates,Annex 5.6 – Yield,"CACP Price Policy for Rabi Crops, Marketing Season 2026-27",207,
2021-22,Actual,Rabi,Bihar,Wheat,15476,315.3,29.3,October 2021–April 2022,Annex 5.6 – Break-up of Cost of Cultivation,Annex 5.3 – Monthly Average Daily Wage Rates,Annex 5.6 – Yield,"CACP Price Policy for Rabi Crops, Marketing Season 2026-27",191,
2021-22,Actual,Rabi,Chhattisgarh,Gram,8917,,13.6,October 2021–April 2022,Annex 5.6 – Break-up of Cost of Cultivation,Annex 5.3 – Monthly Average Daily Wage Rates,Annex 5.6 – Yield,"CACP Price Policy for Rabi Crops, Marketing Season 2026-27",200,
2021-22,Actual,Rabi,Chhattisgarh,Wheat,7592,,25.3,October 2021–April 2022,Annex 5.6 – Break-up of Cost of Cultivation,Annex 5.3 – Monthly Average Daily Wage Rates,Annex 5.6 – Yield,"CACP Price Policy for Rabi Crops, Marketing Season 2026-27",191,
2021-22,Actual,Rabi,Gujarat,Gram,17578,245.7,12.5,October 2021–April 2022,Annex 5.6 – Break-up of Cost of Cultivation,Annex 5.3 – Monthly Average Daily Wage Rates,Annex 5.6 – Yield,"CACP Price Policy for Rabi Crops, Marketing Season 2026-27",200,
2021-22,Actual,Rabi,Gujarat,Rapeseed & Mustard,24811,245.7,21.2,October 2021–April 2022,Annex 5.6 – Break-up of Cost of Cultivation,Annex 5.3 – Monthly Average Daily Wage Rates,Annex 5.6 – Yield,"CACP Price Policy for Rabi Crops, Marketing Season 2026-27",208,
2021-22,Actual,Rabi,Gujarat,Wheat,12887,245.7,32.5,October 2021–April 2022,Annex 5.6 – Break-up of Cost of Cultivation,Annex 5.3 – Monthly Average Daily Wage Rates,Annex 5.6 – Yield,"CACP Price Policy for Rabi Crops, Marketing Season 2026-27",192,
2021-22,Actual,Rabi,Haryana,Gram,12874,411,8.9,October 2021–April 2022,Annex 5.6 – Break-up of Cost of Cultivation,Annex 5.3 – Monthly Average Daily Wage Rates,Annex 5.6 – Yield,"CACP Price Policy for Rabi Crops, Marketing Season 2026-27",201,
2021-22,Actual,Rabi,Haryana,Rapeseed & Mustard,11838,411,18,October 2021–April 2022,Annex 5.6 – Break-up of Cost of Cultivation,Annex 5.3 – Monthly Average Daily Wage Rates,Annex 5.6 – Yield,"CACP Price Policy for Rabi Crops, Marketing Season 2026-27",208,
2021-22,Actual,Rabi,Haryana,Wheat,9021,411,44.2,October 2021–April 2022,Annex 5.6 – Break-up of Cost of Cultivation,Annex 5.3 – Monthly Average Daily Wage Rates,Annex 5.6 – Yield,"CACP Price Policy for Rabi Crops, Marketing Season 2026-27",192,
2021-22,Actual,Rabi,Himachal Pradesh,Barley,20965,459.6,10.5,October 2021–April 2022,Annex 5.6 – Break-up of Cost of Cultivation,Annex 5.3 – Monthly Average Daily Wage Rates,Annex 5.6 – Yield,"CACP Price Policy for Rabi Crops, Marketing Season 2026-27",197,
2021-22,Actual,Rabi,Himachal Pradesh,Rapeseed & Mustard,15628,459.6,5,October 2021–April 2022,Annex 5.6 – Break-up of Cost of Cultivation,Annex 5.3 – Monthly Average Daily Wage Rates,Annex 5.6 – Yield,"CACP Price Policy for Rabi Crops, Marketing Season 2026-27",209,
2021-22,Actual,Rabi,Himachal Pradesh,Wheat,16273,459.6,21.5,October 2021–April 2022,Annex 5.6 – Break-up of Cost of Cultivation,Annex 5.3 – Monthly Average Daily Wage Rates,Annex 5.6 – Yield,"CACP Price Policy for Rabi Crops, Marketing Season 2026-27",193,
2021-22,Actual,Rabi,Jharkhand,Gram,22073,,7.6,October 2021–April 2022,Annex 5.6 – Break-up of Cost of Cultivation,Annex 5.3 – Monthly Average Daily Wage Rates,Annex 5.6 – Yield,"CACP Price Policy for Rabi Crops, Marketing Season 2026-27",201,
2021-22,Actual,Rabi,Jharkhand,Rapeseed & Mustard,19259,,6.5,October 2021–April 2022,Annex 5.6 – Break-up of Cost of Cultivation,Annex 5.3 – Monthly Average Daily Wage Rates,Annex 5.6 – Yield,"CACP Price Policy for Rabi Crops, Marketing Season 2026-27",209,
2021-22,Actual,Rabi,Jharkhand,Wheat,17741,,26.1,October 2021–April 2022,Annex 5.6 – Break-up of Cost of Cultivation,Annex 5.3 – Monthly Average Daily Wage Rates,Annex 5.6 – Yield,"CACP Price Policy for Rabi Crops, Marketing Season 2026-27",193,
2021-22,Actual,Rabi,Karnataka,Gram,11887,381.4,9.2,October 2021–April 2022,Annex 5.6 – Break-up of Cost of Cultivation,Annex 5.3 – Monthly Average Daily Wage Rates,Annex 5.6 – Yield,"CACP Price Policy for Rabi Crops, Marketing Season 2026-27",202,
2021-22,Actual,Rabi,Karnataka,Safflower,7727,381.4,3.6,October 2021–April 2022,Annex 5.6 – Break-up of Cost of Cultivation,Annex 5.3 – Monthly Average Daily Wage Rates,Annex 5.6 – Yield,"CACP Price Policy for Rabi Crops, Marketing Season 2026-27",213,
2021-22,Actual,Rabi,Madhya Pradesh,Gram,9978,244.4,11.9,October 2021–April 2022,Annex 5.6 – Break-up of Cost of Cultivation,Annex 5.3 – Monthly Average Daily Wage Rates,Annex 5.6 – Yield,"CACP Price Policy for Rabi Crops, Marketing Season 2026-27",202,
2021-22,Actual,Rabi,Madhya Pradesh,Lentil (Masur),9264,244.4,10.1,October 2021–April 2022,Annex 5.6 – Break-up of Cost of Cultivation,Annex 5.3 – Monthly Average Daily Wage Rates,Annex 5.6 – Yield,"CACP Price Policy for Rabi Crops, Marketing Season 2026-27",205,
2021-22,Actual,Rabi,Madhya Pradesh,Rapeseed & Mustard,11734,244.4,15.2,October 2021–April 2022,Annex 5.6 – Break-up of Cost of Cultivation,Annex 5.3 – Monthly Average Daily Wage Rates,Annex 5.6 – Yield,"CACP Price Policy for Rabi Crops, Marketing Season 2026-27",210,
2021-22,Actual,Rabi,Madhya Pradesh,Wheat,10755,244.4,40.8,October 2021–April 2022,Annex 5.6 – Break-up of Cost of Cultivation,Annex 5.3 – Monthly Average Daily Wage Rates,Annex 5.6 – Yield,"CACP Price Policy for Rabi Crops, Marketing Season 2026-27",194,
2021-22,Actual,Rabi,Maharashtra,Gram,16945,331.1,13.8,October 2021–April 2022,Annex 5.6 – Break-up of Cost of Cultivation,Annex 5.3 – Monthly Average Daily Wage Rates,Annex 5.6 – Yield,"CACP Price Policy for Rabi Crops, Marketing Season 2026-27",203,
2021-22,Actual,Rabi,Maharashtra,Wheat,15365,331.1,26.3,October 2021–April 2022,Annex 5.6 – Break-up of Cost of Cultivation,Annex 5.3 – Monthly Average Daily Wage Rates,Annex 5.6 – Yield,"CACP Price Policy for Rabi Crops, Marketing Season 2026-27",194,
2021-22,Actual,Rabi,Punjab,Rapeseed & Mustard,16148,378,15,October 2021–April 2022,Annex 5.6 – Break-up of Cost of Cultivation,Annex 5.3 – Monthly Average Daily Wage Rates,Annex 5.6 – Yield,"CACP Price Policy for Rabi Crops, Marketing Season 2026-27",210,
2021-22,Actual,Rabi,Punjab,Wheat,4952,378,42.4,October 2021–April 2022,Annex 5.6 – Break-up of Cost of Cultivation,Annex 5.3 – Monthly Average Daily Wage Rates,Annex 5.6 – Yield,"CACP Price Policy for Rabi Crops, Marketing Season 2026-27",195,
2021-22,Actual,Rabi,Rajasthan,Barley,24802,340.1,37.5,October 2021–April 2022,Annex 5.6 – Break-up of Cost of Cultivation,Annex 5.3 – Monthly Average Daily Wage Rates,Annex 5.6 – Yield,"CACP Price Policy for Rabi Crops, Marketing Season 2026-27",197,
2021-22,Actual,Rabi,Rajasthan,Gram,18342,340.1,13.2,October 2021–April 2022,Annex 5.6 – Break-up of Cost of Cultivation,Annex 5.3 – Monthly Average Daily Wage Rates,Annex 5.6 – Yield,"CACP Price Policy for Rabi Crops, Marketing Season 2026-27",203,
2021-22,Actual,Rabi,Rajasthan,Rapeseed & Mustard,19778,340.1,16.5,October 2021–April 2022,Annex 5.6 – Break-up of Cost of Cultivation,Annex 5.3 – Monthly Average Daily Wage Rates,Annex 5.6 – Yield,"CACP Price Policy for Rabi Crops, Marketing Season 2026-27",211,
2021-22,Actual,Rabi,Rajasthan,Wheat,25916,340.1,41.6,October 2021–April 2022,Annex 5.6 – Break-up of Cost of Cultivation,Annex 5.3 – Monthly Average Daily Wage Rates,Annex 5.6 – Yield,"CACP Price Policy for Rabi Crops, Marketing Season 2026-27",195,
2021-22,Actual,Rabi,Telangana,Gram,9902,,11.5,October 2021–April 2022,Annex 5.6 – Break-up of Cost of Cultivation,Annex 5.3 – Monthly Average Daily Wage Rates,Annex 5.6 – Yield,"CACP Price Policy for Rabi Crops, Marketing Season 2026-27",204,
2021-22,Actual,Rabi,Uttar Pradesh,Barley,18826,317.6,30.9,October 2021–April 2022,Annex 5.6 – Break-up of Cost of Cultivation,Annex 5.3 – Monthly Average Daily Wage Rates,Annex 5.6 – Yield,"CACP Price Policy for Rabi Crops, Marketing Season 2026-27",198,
2021-22,Actual,Rabi,Uttar Pradesh,Gram,18300,317.6,9.2,October 2021–April 2022,Annex 5.6 – Break-up of Cost of Cultivation,Annex 5.3 – Monthly Average Daily Wage Rates,Annex 5.6 – Yield,"CACP Price Policy for Rabi Crops, Marketing Season 2026-27",204,
2021-22,Actual,Rabi,Uttar Pradesh,Lentil (Masur),12743,317.6,9.3,October 2021–April 2022,Annex 5.6 – Break-up of Cost of Cultivation,Annex 5.3 – Monthly Average Daily Wage Rates,Annex 5.6 – Yield,"CACP Price Policy for Rabi Crops, Marketing Season 2026-27",206,
2021-22,Actual,Rabi,Uttar Pradesh,Rapeseed & Mustard,15255,317.6,14.2,October 2021–April 2022,Annex 5.6 – Break-up of Cost of Cultivation,Annex 5.3 – Monthly Average Daily Wage Rates,Annex 5.6 – Yield,"CACP Price Policy for Rabi Crops, Marketing Season 2026-27",211,
2021-22,Actual,Rabi,Uttar Pradesh,Wheat,16046,317.6,36.5,October 2021–April 2022,Annex 5.6 – Break-up of Cost of Cultivation,Annex 5.3 – Monthly Average Daily Wage Rates,Annex 5.6 – Yield,"CACP Price Policy for Rabi Crops, Marketing Season 2026-27",196,
2021-22,Actual,Rabi,West Bengal,Lentil (Masur),22269,339.4,9.2,October 2021–April 2022,Annex 5.6 – Break-up of Cost of Cultivation,Annex 5.3 – Monthly Average Daily Wage Rates,Annex 5.6 – Yield,"CACP Price Policy for Rabi Crops, Marketing Season 2026-27",206,
2021-22,Actual,Rabi,West Bengal,Rapeseed & Mustard,22780,339.4,11.1,October 2021–April 2022,Annex 5.6 – Break-up of Cost of Cultivation,Annex 5.3 – Monthly Average Daily Wage Rates,Annex 5.6 – Yield,"CACP Price Policy for Rabi Crops, Marketing Season 2026-27",212,
2021-22,Actual,Rabi,West Bengal,Wheat,15486,339.4,21,October 2021–April 2022,Annex 5.6 – Break-up of Cost of Cultivation,Annex 5.3 – Monthly Average Daily Wage Rates,Annex 5.6 – Yield,"CACP Price Policy for Rabi Crops, Marketing Season 2026-27",196,
2022-23,Actual,Kharif,Andhra Pradesh,Arhar (Tur),9321,469.7,5.97,May–November 2022,Annex 5.6 – Break-up of Cost of Cultivation,Annex 5.3 – Monthly Average Daily Wage Rates,Annex 5.6 – Yield,"CACP Price Policy for Kharif Crops, Marketing Season 2025-26",243,
2022-23,Actual,Kharif,Andhra Pradesh,Cotton,34515,469.7,15.09,May–November 2022,Annex 5.6 – Break-up of Cost of Cultivation,Annex 5.3 – Monthly Average Daily Wage Rates,Annex 5.6 – Yield,"CACP Price Policy for Kharif Crops, Marketing Season 2025-26",269,
2022-23,Actual,Kharif,Andhra Pradesh,Groundnut,29013,469.7,11.73,May–November 2022,Annex 5.6 – Break-up of Cost of Cultivation,Annex 5.3 – Monthly Average Daily Wage Rates,Annex 5.6 – Yield,"CACP Price Policy for Kharif Crops, Marketing Season 2025-26",256,
2022-23,Actual,Kharif,Andhra Pradesh,Jowar,27445,469.7,52.16,May–November 2022,Annex 5.6 – Break-up of Cost of Cultivation,Annex 5.3 – Monthly Average Daily Wage Rates,Annex 5.6 – Yield,"CACP Price Policy for Kharif Crops, Marketing Season 2025-26",230,
2022-23,Actual,Kharif,Andhra Pradesh,Maize,21371,469.7,74.9,May–November 2022,Annex 5.6 – Break-up of Cost of Cultivation,Annex 5.3 – Monthly Average Daily Wage Rates,Annex 5.6 – Yield,"CACP Price Policy for Kharif Crops, Marketing Season 2025-26",236,
2022-23,Actual,Kharif,Andhra Pradesh,Moong,10780,469.7,7.68,May–November 2022,Annex 5.6 – Break-up of Cost of Cultivation,Annex 5.3 – Monthly Average Daily Wage Rates,Annex 5.6 – Yield,"CACP Price Policy for Kharif Crops, Marketing Season 2025-26",247,
2022-23,Actual,Kharif,Andhra Pradesh,Paddy,34390,469.7,59.41,May–November 2022,Annex 5.6 – Break-up of Cost of Cultivation,Annex 5.3 – Monthly Average Daily Wage Rates,Annex 5.6 – Yield,"CACP Price Policy for Kharif Crops, Marketing Season 2025-26",221,
2022-23,Actual,Kharif,Andhra Pradesh,Sesamum,12406,469.7,3.31,May–November 2022,Annex 5.6 – Break-up of Cost of Cultivation,Annex 5.3 – Monthly Average Daily Wage Rates,Annex 5.6 – Yield,"CACP Price Policy for Kharif Crops, Marketing Season 2025-26",265,
2022-23,Actual,Kharif,Andhra Pradesh,Sunflower,16994,469.7,11.88,May–November 2022,Annex 5.6 – Break-up of Cost of Cultivation,Annex 5.3 – Monthly Average Daily Wage Rates,Annex 5.6 – Yield,"CACP Price Policy for Kharif Crops, Marketing Season 2025-26",264,
2022-23,Actual,Kharif,Andhra Pradesh,Urad,15694,469.7,10.76,May–November 2022,Annex 5.6 – Break-up of Cost of Cultivation,Annex 5.3 – Monthly Average Daily Wage Rates,Annex 5.6 – Yield,"CACP Price Policy for Kharif Crops, Marketing Season 2025-26",251,
2022-23,Actual,Kharif,Assam,Paddy,27362,337.9,36.43,May–November 2022,Annex 5.6 – Break-up of Cost of Cultivation,Annex 5.3 – Monthly Average Daily Wage Rates,Annex 5.6 – Yield,"CACP Price Policy for Kharif Crops, Marketing Season 2025-26",221,
2022-23,Actual,Kharif,Bihar,Maize,20098,331.4,46.45,May–November 2022,Annex 5.6 – Break-up of Cost of Cultivation,Annex 5.3 – Monthly Average Daily Wage Rates,Annex 5.6 – Yield,"CACP Price Policy for Kharif Crops, Marketing Season 2025-26",236,
2022-23,Actual,Kharif,Bihar,Paddy,25081,331.4,30.17,May–November 2022,Annex 5.6 – Break-up of Cost of Cultivation,Annex 5.3 – Monthly Average Daily Wage Rates,Annex 5.6 – Yield,"CACP Price Policy for Kharif Crops, Marketing Season 2025-26",222,
2022-23,Actual,Kharif,Chhattisgarh,Paddy,15678,,42.52,May–November 2022,Annex 5.6 – Break-up of Cost of Cultivation,Annex 5.3 – Monthly Average Daily Wage Rates,Annex 5.6 – Yield,"CACP Price Policy for Kharif Crops, Marketing Season 2025-26",222,
2022-23,Actual,Kharif,Gujarat,Arhar (Tur),16546,260,9.84,May–November 2022,Annex 5.6 – Break-up of Cost of Cultivation,Annex 5.3 – Monthly Average Daily Wage Rates,Annex 5.6 – Yield,"CACP Price Policy for Kharif Crops, Marketing Season 2025-26",243,
2022-23,Actual,Kharif,Gujarat,Bajra,31046,260,30.5,May–November 2022,Annex 5.6 – Break-up of Cost of Cultivation,Annex 5.3 – Monthly Average Daily Wage Rates,Annex 5.6 – Yield,"CACP Price Policy for Kharif Crops, Marketing Season 2025-26",233,
2022-23,Actual,Kharif,Gujarat,Cotton,35449,260,16.82,May–November 2022,Annex 5.6 – Break-up of Cost of Cultivation,Annex 5.3 – Monthly Average Daily Wage Rates,Annex 5.6 – Yield,"CACP Price Policy for Kharif Crops, Marketing Season 2025-26",269,
2022-23,Actual,Kharif,Gujarat,Groundnut,25608,260,16.84,May–November 2022,Annex 5.6 – Break-up of Cost of Cultivation,Annex 5.3 – Monthly Average Daily Wage Rates,Annex 5.6 – Yield,"CACP Price Policy for Kharif Crops, Marketing Season 2025-26",256,
2022-23,Actual,Kharif,Gujarat,Maize,26559,260,21.66,May–November 2022,Annex 5.6 – Break-up of Cost of Cultivation,Annex 5.3 – Monthly Average Daily Wage Rates,Annex 5.6 – Yield,"CACP Price Policy for Kharif Crops, Marketing Season 2025-26",237,
2022-23,Actual,Kharif,Gujarat,Moong,17462,260,5.8,May–November 2022,Annex 5.6 – Break-up of Cost of Cultivation,Annex 5.3 – Monthly Average Daily Wage Rates,Annex 5.6 – Yield,"CACP Price Policy for Kharif Crops, Marketing Season 2025-26",247,
2022-23,Actual,Kharif,Gujarat,Paddy,27046,260,41.24,May–November 2022,Annex 5.6 – Break-up of Cost of Cultivation,Annex 5.3 – Monthly Average Daily Wage Rates,Annex 5.6 – Yield,"CACP Price Policy for Kharif Crops, Marketing Season 2025-26",223,
2022-23,Actual,Kharif,Gujarat,Sesamum,22472,260,5.52,May–November 2022,Annex 5.6 – Break-up of Cost of Cultivation,Annex 5.3 – Monthly Average Daily Wage Rates,Annex 5.6 – Yield,"CACP Price Policy for Kharif Crops, Marketing Season 2025-26",265,
2022-23,Actual,Kharif,Gujarat,Soybean,17801,260,8.4,May–November 2022,Annex 5.6 – Break-up of Cost of Cultivation,Annex 5.3 – Monthly Average Daily Wage Rates,Annex 5.6 – Yield,"CACP Price Policy for Kharif Crops, Marketing Season 2025-26",261,
2022-23,Actual,Kharif,Gujarat,Urad,16333,260,4.46,May–November 2022,Annex 5.6 – Break-up of Cost of Cultivation,Annex 5.3 – Monthly Average Daily Wage Rates,Annex 5.6 – Yield,"CACP Price Policy for Kharif Crops, Marketing Season 2025-26",251,
2022-23,Actual,Kharif,Haryana,Bajra,16264,432.4,14.62,May–November 2022,Annex 5.6 – Break-up of Cost of Cultivation,Annex 5.3 – Monthly Average Daily Wage Rates,Annex 5.6 – Yield,"CACP Price Policy for Kharif Crops, Marketing Season 2025-26",233,
2022-23,Actual,Kharif,Haryana,Cotton,27486,432.4,9.79,May–November 2022,Annex 5.6 – Break-up of Cost of Cultivation,Annex 5.3 – Monthly Average Daily Wage Rates,Annex 5.6 – Yield,"CACP Price Policy for Kharif Crops, Marketing Season 2025-26",270,
2022-23,Actual,Kharif,Haryana,Paddy,23517,432.4,53.22,May–November 2022,Annex 5.6 – Break-up of Cost of Cultivation,Annex 5.3 – Monthly Average Daily Wage Rates,Annex 5.6 – Yield,"CACP Price Policy for Kharif Crops, Marketing Season 2025-26",223,
2022-23,Actual,Kharif,Himachal Pradesh,Maize,23730,458.3,18.6,May–November 2022,Annex 5.6 – Break-up of Cost of Cultivation,Annex 5.3 – Monthly Average Daily Wage Rates,Annex 5.6 – Yield,"CACP Price Policy for Kharif Crops, Marketing Season 2025-26",237,
2022-23,Actual,Kharif,Himachal Pradesh,Paddy,28057,458.3,29.94,May–November 2022,Annex 5.6 – Break-up of Cost of Cultivation,Annex 5.3 – Monthly Average Daily Wage Rates,Annex 5.6 – Yield,"CACP Price Policy for Kharif Crops, Marketing Season 2025-26",224,
2022-23,Actual,Kharif,Jharkhand,Paddy,23401,,27.74,May–November 2022,Annex 5.6 – Break-up of Cost of Cultivation,Annex 5.3 – Monthly Average Daily Wage Rates,Annex 5.6 – Yield,"CACP Price Policy for Kharif Crops, Marketing Season 2025-26",224,
2022-23,Actual,Kharif,Karnataka,Arhar (Tur),12369,398.7,5.71,May–November 2022,Annex 5.6 – Break-up of Cost of Cultivation,Annex 5.3 – Monthly Average Daily Wage Rates,Annex 5.6 – Yield,"CACP Price Policy for Kharif Crops, Marketing Season 2025-26",244,
2022-23,Actual,Kharif,Karnataka,Cotton,30360,398.7,12.66,May–November 2022,Annex 5.6 – Break-up of Cost of Cultivation,Annex 5.3 – Monthly Average Daily Wage Rates,Annex 5.6 – Yield,"CACP Price Policy for Kharif Crops, Marketing Season 2025-26",270,
2022-23,Actual,Kharif,Karnataka,Groundnut,27040,398.7,11.79,May–November 2022,Annex 5.6 – Break-up of Cost of Cultivation,Annex 5.3 – Monthly Average Daily Wage Rates,Annex 5.6 – Yield,"CACP Price Policy for Kharif Crops, Marketing Season 2025-26",257,
2022-23,Actual,Kharif,Karnataka,Jowar,19341,398.7,11.42,May–November 2022,Annex 5.6 – Break-up of Cost of Cultivation,Annex 5.3 – Monthly Average Daily Wage Rates,Annex 5.6 – Yield,"CACP Price Policy for Kharif Crops, Marketing Season 2025-26",230,
2022-23,Actual,Kharif,Karnataka,Maize,18572,398.7,35.77,May–November 2022,Annex 5.6 – Break-up of Cost of Cultivation,Annex 5.3 – Monthly Average Daily Wage Rates,Annex 5.6 – Yield,"CACP Price Policy for Kharif Crops, Marketing Season 2025-26",238,
2022-23,Actual,Kharif,Karnataka,Moong,9730,398.7,4.95,May–November 2022,Annex 5.6 – Break-up of Cost of Cultivation,Annex 5.3 – Monthly Average Daily Wage Rates,Annex 5.6 – Yield,"CACP Price Policy for Kharif Crops, Marketing Season 2025-26",248,
2022-23,Actual,Kharif,Karnataka,Paddy,33347,398.7,48,May–November 2022,Annex 5.6 – Break-up of Cost of Cultivation,Annex 5.3 – Monthly Average Daily Wage Rates,Annex 5.6 – Yield,"CACP Price Policy for Kharif Crops, Marketing Season 2025-26",225,
2022-23,Actual,Kharif,Karnataka,Ragi,31903,398.7,12.94,May–November 2022,Annex 5.6 – Break-up of Cost of Cultivation,Annex 5.3 – Monthly Average Daily Wage Rates,Annex 5.6 – Yield,"CACP Price Policy for Kharif Crops, Marketing Season 2025-26",242,
2022-23,Actual,Kharif,Karnataka,Soybean,15730,398.7,15.53,May–November 2022,Annex 5.6 – Break-up of Cost of Cultivation,Annex 5.3 – Monthly Average Daily Wage Rates,Annex 5.6 – Yield,"CACP Price Policy for Kharif Crops, Marketing Season 2025-26",261,
2022-23,Actual,Kharif,Karnataka,Sunflower,17246,398.7,8.08,May–November 2022,Annex 5.6 – Break-up of Cost of Cultivation,Annex 5.3 – Monthly Average Daily Wage Rates,Annex 5.6 – Yield,"CACP Price Policy for Kharif Crops, Marketing Season 2025-26",264,
2022-23,Actual,Kharif,Karnataka,Urad,13380,398.7,5.18,May–November 2022,Annex 5.6 – Break-up of Cost of Cultivation,Annex 5.3 – Monthly Average Daily Wage Rates,Annex 5.6 – Yield,"CACP Price Policy for Kharif Crops, Marketing Season 2025-26",252,
2022-23,Actual,Kharif,Kerala,Paddy,42801,770.3,39.65,May–November 2022,Annex 5.6 – Break-up of Cost of Cultivation,Annex 5.3 – Monthly Average Daily Wage Rates,Annex 5.6 – Yield,"CACP Price Policy for Kharif Crops, Marketing Season 2025-26",225,
2022-23,Actual,Kharif,Madhya Pradesh,Cotton,30259,253.4,16.67,May–November 2022,Annex 5.6 – Break-up of Cost of Cultivation,Annex 5.3 – Monthly Average Daily Wage Rates,Annex 5.6 – Yield,"CACP Price Policy for Kharif Crops, Marketing Season 2025-26",271,
2022-23,Actual,Kharif,Madhya Pradesh,Maize,14320,253.4,31.86,May–November 2022,Annex 5.6 – Break-up of Cost of Cultivation,Annex 5.3 – Monthly Average Daily Wage Rates,Annex 5.6 – Yield,"CACP Price Policy for Kharif Crops, Marketing Season 2025-26",238,
2022-23,Actual,Kharif,Madhya Pradesh,Paddy,18408,253.4,44.11,May–November 2022,Annex 5.6 – Break-up of Cost of Cultivation,Annex 5.3 – Monthly Average Daily Wage Rates,Annex 5.6 – Yield,"CACP Price Policy for Kharif Crops, Marketing Season 2025-26",226,
2022-23,Actual,Kharif,Madhya Pradesh,Sesamum,14780,253.4,6.18,May–November 2022,Annex 5.6 – Break-up of Cost of Cultivation,Annex 5.3 – Monthly Average Daily Wage Rates,Annex 5.6 – Yield,"CACP Price Policy for Kharif Crops, Marketing Season 2025-26",266,
2022-23,Actual,Kharif,Madhya Pradesh,Soybean,8472,253.4,10.89,May–November 2022,Annex 5.6 – Break-up of Cost of Cultivation,Annex 5.3 – Monthly Average Daily Wage Rates,Annex 5.6 – Yield,"CACP Price Policy for Kharif Crops, Marketing Season 2025-26",262,
2022-23,Actual,Kharif,Madhya Pradesh,Urad,8058,253.4,6.58,May–November 2022,Annex 5.6 – Break-up of Cost of Cultivation,Annex 5.3 – Monthly Average Daily Wage Rates,Annex 5.6 – Yield,"CACP Price Policy for Kharif Crops, Marketing Season 2025-26",252,
2022-23,Actual,Kharif,Maharashtra,Arhar (Tur),32815,342.4,16.22,May–November 2022,Annex 5.6 – Break-up of Cost of Cultivation,Annex 5.3 – Monthly Average Daily Wage Rates,Annex 5.6 – Yield,"CACP Price Policy for Kharif Crops, Marketing Season 2025-26",244,
2022-23,Actual,Kharif,Maharashtra,Bajra,30196,342.4,24.06,May–November 2022,Annex 5.6 – Break-up of Cost of Cultivation,Annex 5.3 – Monthly Average Daily Wage Rates,Annex 5.6 – Yield,"CACP Price Policy for Kharif Crops, Marketing Season 2025-26",234,
2022-23,Actual,Kharif,Maharashtra,Cotton,41078,342.4,14.13,May–November 2022,Annex 5.6 – Break-up of Cost of Cultivation,Annex 5.3 – Monthly Average Daily Wage Rates,Annex 5.6 – Yield,"CACP Price Policy for Kharif Crops, Marketing Season 2025-26",271,
2022-23,Actual,Kharif,Maharashtra,Groundnut,56843,342.4,11.86,May–November 2022,Annex 5.6 – Break-up of Cost of Cultivation,Annex 5.3 – Monthly Average Daily Wage Rates,Annex 5.6 – Yield,"CACP Price Policy for Kharif Crops, Marketing Season 2025-26",257,
2022-23,Actual,Kharif,Maharashtra,Jowar,20311,342.4,11.63,May–November 2022,Annex 5.6 – Break-up of Cost of Cultivation,Annex 5.3 – Monthly Average Daily Wage Rates,Annex 5.6 – Yield,"CACP Price Policy for Kharif Crops, Marketing Season 2025-26",231,
2022-23,Actual,Kharif,Maharashtra,Maize,29774,342.4,57.9,May–November 2022,Annex 5.6 – Break-up of Cost of Cultivation,Annex 5.3 – Monthly Average Daily Wage Rates,Annex 5.6 – Yield,"CACP Price Policy for Kharif Crops, Marketing Season 2025-26",239,
2022-23,Actual,Kharif,Maharashtra,Moong,22420,342.4,7.81,May–November 2022,Annex 5.6 – Break-up of Cost of Cultivation,Annex 5.3 – Monthly Average Daily Wage Rates,Annex 5.6 – Yield,"CACP Price Policy for Kharif Crops, Marketing Season 2025-26",248,
2022-23,Actual,Kharif,Maharashtra,Paddy,43204,342.4,21.73,May–November 2022,Annex 5.6 – Break-up of Cost of Cultivation,Annex 5.3 – Monthly Average Daily Wage Rates,Annex 5.6 – Yield,"CACP Price Policy for Kharif Crops, Marketing Season 2025-26",226,
2022-23,Actual,Kharif,Maharashtra,Soybean,20031,342.4,15.97,May–November 2022,Annex 5.6 – Break-up of Cost of Cultivation,Annex 5.3 – Monthly Average Daily Wage Rates,Annex 5.6 – Yield,"CACP Price Policy for Kharif Crops, Marketing Season 2025-26",262,
2022-23,Actual,Kharif,Maharashtra,Urad,19222,342.4,6.86,May–November 2022,Annex 5.6 – Break-up of Cost of Cultivation,Annex 5.3 – Monthly Average Daily Wage Rates,Annex 5.6 – Yield,"CACP Price Policy for Kharif Crops, Marketing Season 2025-26",253,
2022-23,Actual,Kharif,Odisha,Arhar (Tur),12338,282.1,3.97,May–November 2022,Annex 5.6 – Break-up of Cost of Cultivation,Annex 5.3 – Monthly Average Daily Wage Rates,Annex 5.6 – Yield,"CACP Price Policy for Kharif Crops, Marketing Season 2025-26",245,
2022-23,Actual,Kharif,Odisha,Cotton,42787,282.1,14.42,May–November 2022,Annex 5.6 – Break-up of Cost of Cultivation,Annex 5.3 – Monthly Average Daily Wage Rates,Annex 5.6 – Yield,"CACP Price Policy for Kharif Crops, Marketing Season 2025-26",272,
2022-23,Actual,Kharif,Odisha,Groundnut,35641,282.1,8.56,May–November 2022,Annex 5.6 – Break-up of Cost of Cultivation,Annex 5.3 – Monthly Average Daily Wage Rates,Annex 5.6 – Yield,"CACP Price Policy for Kharif Crops, Marketing Season 2025-26",258,
2022-23,Actual,Kharif,Odisha,Moong,12121,282.1,4.05,May–November 2022,Annex 5.6 – Break-up of Cost of Cultivation,Annex 5.3 – Monthly Average Daily Wage Rates,Annex 5.6 – Yield,"CACP Price Policy for Kharif Crops, Marketing Season 2025-26",249,
2022-23,Actual,Kharif,Odisha,Nigerseed,15869,282.1,3.58,May–November 2022,Annex 5.6 – Break-up of Cost of Cultivation,Annex 5.3 – Monthly Average Daily Wage Rates,Annex 5.6 – Yield,"CACP Price Policy for Kharif Crops, Marketing Season 2025-26",268,
2022-23,Actual,Kharif,Odisha,Paddy,33586,282.1,44.86,May–November 2022,Annex 5.6 – Break-up of Cost of Cultivation,Annex 5.3 – Monthly Average Daily Wage Rates,Annex 5.6 – Yield,"CACP Price Policy for Kharif Crops, Marketing Season 2025-26",227,
2022-23,Actual,Kharif,Odisha,Ragi,25967,282.1,9.54,May–November 2022,Annex 5.6 – Break-up of Cost of Cultivation,Annex 5.3 – Monthly Average Daily Wage Rates,Annex 5.6 – Yield,"CACP Price Policy for Kharif Crops, Marketing Season 2025-26",242,
2022-23,Actual,Kharif,Odisha,Urad,12997,282.1,3.65,May–November 2022,Annex 5.6 – Break-up of Cost of Cultivation,Annex 5.3 – Monthly Average Daily Wage Rates,Annex 5.6 – Yield,"CACP Price Policy for Kharif Crops, Marketing Season 2025-26",253,
2022-23,Actual,Kharif,Punjab,Cotton,25885,395.4,17.59,May–November 2022,Annex 5.6 – Break-up of Cost of Cultivation,Annex 5.3 – Monthly Average Daily Wage Rates,Annex 5.6 – Yield,"CACP Price Policy for Kharif Crops, Marketing Season 2025-26",272,
2022-23,Actual,Kharif,Punjab,Maize,22794,395.4,34.35,May–November 2022,Annex 5.6 – Break-up of Cost of Cultivation,Annex 5.3 – Monthly Average Daily Wage Rates,Annex 5.6 – Yield,"CACP Price Policy for Kharif Crops, Marketing Season 2025-26",239,
2022-23,Actual,Kharif,Punjab,Paddy,17885,395.4,70.6,May–November 2022,Annex 5.6 – Break-up of Cost of Cultivation,Annex 5.3 – Monthly Average Daily Wage Rates,Annex 5.6 – Yield,"CACP Price Policy for Kharif Crops, Marketing Season 2025-26",227,
2022-23,Actual,Kharif,Rajasthan,Bajra,20055,343,12.62,May–November 2022,Annex 5.6 – Break-up of Cost of Cultivation,Annex 5.3 – Monthly Average Daily Wage Rates,Annex 5.6 – Yield,"CACP Price Policy for Kharif Crops, Marketing Season 2025-26",234,
2022-23,Actual,Kharif,Rajasthan,Cotton,46600,343,19.61,May–November 2022,Annex 5.6 – Break-up of Cost of Cultivation,Annex 5.3 – Monthly Average Daily Wage Rates,Annex 5.6 – Yield,"CACP Price Policy for Kharif Crops, Marketing Season 2025-26",273,
2022-23,Actual,Kharif,Rajasthan,Groundnut,20732,343,26.26,May–November 2022,Annex 5.6 – Break-up of Cost of Cultivation,Annex 5.3 – Monthly Average Daily Wage Rates,Annex 5.6 – Yield,"CACP Price Policy for Kharif Crops, Marketing Season 2025-26",258,
2022-23,Actual,Kharif,Rajasthan,Jowar,25409,343,10.94,May–November 2022,Annex 5.6 – Break-up of Cost of Cultivation,Annex 5.3 – Monthly Average Daily Wage Rates,Annex 5.6 – Yield,"CACP Price Policy for Kharif Crops, Marketing Season 2025-26",231,
2022-23,Actual,Kharif,Rajasthan,Maize,33412,343,23.42,May–November 2022,Annex 5.6 – Break-up of Cost of Cultivation,Annex 5.3 – Monthly Average Daily Wage Rates,Annex 5.6 – Yield,"CACP Price Policy for Kharif Crops, Marketing Season 2025-26",240,
2022-23,Actual,Kharif,Rajasthan,Moong,15838,343,5.41,May–November 2022,Annex 5.6 – Break-up of Cost of Cultivation,Annex 5.3 – Monthly Average Daily Wage Rates,Annex 5.6 – Yield,"CACP Price Policy for Kharif Crops, Marketing Season 2025-26",249,
2022-23,Actual,Kharif,Rajasthan,Sesamum,19124,343,2.39,May–November 2022,Annex 5.6 – Break-up of Cost of Cultivation,Annex 5.3 – Monthly Average Daily Wage Rates,Annex 5.6 – Yield,"CACP Price Policy for Kharif Crops, Marketing Season 2025-26",266,
2022-23,Actual,Kharif,Rajasthan,Soybean,16831,343,12.21,May–November 2022,Annex 5.6 – Break-up of Cost of Cultivation,Annex 5.3 – Monthly Average Daily Wage Rates,Annex 5.6 – Yield,"CACP Price Policy for Kharif Crops, Marketing Season 2025-26",263,
2022-23,Actual,Kharif,Rajasthan,Urad,21270,343,5.66,May–November 2022,Annex 5.6 – Break-up of Cost of Cultivation,Annex 5.3 – Monthly Average Daily Wage Rates,Annex 5.6 – Yield,"CACP Price Policy for Kharif Crops, Marketing Season 2025-26",254,
2022-23,Actual,Kharif,Tamil Nadu,Cotton,66549,551.1,19.67,May–November 2022,Annex 5.6 – Break-up of Cost of Cultivation,Annex 5.3 – Monthly Average Daily Wage Rates,Annex 5.6 – Yield,"CACP Price Policy for Kharif Crops, Marketing Season 2025-26",273,
2022-23,Actual,Kharif,Tamil Nadu,Groundnut,37560,551.1,15.7,May–November 2022,Annex 5.6 – Break-up of Cost of Cultivation,Annex 5.3 – Monthly Average Daily Wage Rates,Annex 5.6 – Yield,"CACP Price Policy for Kharif Crops, Marketing Season 2025-26",259,
2022-23,Actual,Kharif,Tamil Nadu,Jowar,33146,551.1,27.96,May–November 2022,Annex 5.6 – Break-up of Cost of Cultivation,Annex 5.3 – Monthly Average Daily Wage Rates,Annex 5.6 – Yield,"CACP Price Policy for Kharif Crops, Marketing Season 2025-26",232,
2022-23,Actual,Kharif,Tamil Nadu,Maize,26227,551.1,49.97,May–November 2022,Annex 5.6 – Break-up of Cost of Cultivation,Annex 5.3 – Monthly Average Daily Wage Rates,Annex 5.6 – Yield,"CACP Price Policy for Kharif Crops, Marketing Season 2025-26",240,
2022-23,Actual,Kharif,Tamil Nadu,Moong,12890,551.1,4.1,May–November 2022,Annex 5.6 – Break-up of Cost of Cultivation,Annex 5.3 – Monthly Average Daily Wage Rates,Annex 5.6 – Yield,"CACP Price Policy for Kharif Crops, Marketing Season 2025-26",250,
2022-23,Actual,Kharif,Tamil Nadu,Paddy,23249,551.1,47.73,May–November 2022,Annex 5.6 – Break-up of Cost of Cultivation,Annex 5.3 – Monthly Average Daily Wage Rates,Annex 5.6 – Yield,"CACP Price Policy for Kharif Crops, Marketing Season 2025-26",228,
2022-23,Actual,Kharif,Tamil Nadu,Urad,17157,551.1,7.88,May–November 2022,Annex 5.6 – Break-up of Cost of Cultivation,Annex 5.3 – Monthly Average Daily Wage Rates,Annex 5.6 – Yield,"CACP Price Policy for Kharif Crops, Marketing Season 2025-26",254,
2022-23,Actual,Kharif,Telangana,Arhar (Tur),15719,,7.66,May–November 2022,Annex 5.6 – Break-up of Cost of Cultivation,Annex 5.3 – Monthly Average Daily Wage Rates,Annex 5.6 – Yield,"CACP Price Policy for Kharif Crops, Marketing Season 2025-26",245,
2022-23,Actual,Kharif,Telangana,Cotton,50549,,16.18,May–November 2022,Annex 5.6 – Break-up of Cost of Cultivation,Annex 5.3 – Monthly Average Daily Wage Rates,Annex 5.6 – Yield,"CACP Price Policy for Kharif Crops, Marketing Season 2025-26",274,
2022-23,Actual,Kharif,Telangana,Groundnut,42418,,19.42,May–November 2022,Annex 5.6 – Break-up of Cost of Cultivation,Annex 5.3 – Monthly Average Daily Wage Rates,Annex 5.6 – Yield,"CACP Price Policy for Kharif Crops, Marketing Season 2025-26",259,
2022-23,Actual,Kharif,Telangana,Maize,30874,,60.03,May–November 2022,Annex 5.6 – Break-up of Cost of Cultivation,Annex 5.3 – Monthly Average Daily Wage Rates,Annex 5.6 – Yield,"CACP Price Policy for Kharif Crops, Marketing Season 2025-26",241,
2022-23,Actual,Kharif,Telangana,Paddy,32377,,52.15,May–November 2022,Annex 5.6 – Break-up of Cost of Cultivation,Annex 5.3 – Monthly Average Daily Wage Rates,Annex 5.6 – Yield,"CACP Price Policy for Kharif Crops, Marketing Season 2025-26",228,
2022-23,Actual,Kharif,Telangana,Soybean,15338,,9.87,May–November 2022,Annex 5.6 – Break-up of Cost of Cultivation,Annex 5.3 – Monthly Average Daily Wage Rates,Annex 5.6 – Yield,"CACP Price Policy for Kharif Crops, Marketing Season 2025-26",263,
2022-23,Actual,Kharif,Uttar Pradesh,Arhar (Tur),25818,332.9,10.03,May–November 2022,Annex 5.6 – Break-up of Cost of Cultivation,Annex 5.3 – Monthly Average Daily Wage Rates,Annex 5.6 – Yield,"CACP Price Policy for Kharif Crops, Marketing Season 2025-26",246,
2022-23,Actual,Kharif,Uttar Pradesh,Bajra,21096,332.9,18.84,May–November 2022,Annex 5.6 – Break-up of Cost of Cultivation,Annex 5.3 – Monthly Average Daily Wage Rates,Annex 5.6 – Yield,"CACP Price Policy for Kharif Crops, Marketing Season 2025-26",235,
2022-23,Actual,Kharif,Uttar Pradesh,Groundnut,17742,332.9,12.6,May–November 2022,Annex 5.6 – Break-up of Cost of Cultivation,Annex 5.3 – Monthly Average Daily Wage Rates,Annex 5.6 – Yield,"CACP Price Policy for Kharif Crops, Marketing Season 2025-26",260,
2022-23,Actual,Kharif,Uttar Pradesh,Maize,18216,332.9,20.7,May–November 2022,Annex 5.6 – Break-up of Cost of Cultivation,Annex 5.3 – Monthly Average Daily Wage Rates,Annex 5.6 – Yield,"CACP Price Policy for Kharif Crops, Marketing Season 2025-26",241,
2022-23,Actual,Kharif,Uttar Pradesh,Moong,17025,332.9,2.2,May–November 2022,Annex 5.6 – Break-up of Cost of Cultivation,Annex 5.3 – Monthly Average Daily Wage Rates,Annex 5.6 – Yield,"CACP Price Policy for Kharif Crops, Marketing Season 2025-26",250,
2022-23,Actual,Kharif,Uttar Pradesh,Paddy,25785,332.9,32.91,May–November 2022,Annex 5.6 – Break-up of Cost of Cultivation,Annex 5.3 – Monthly Average Daily Wage Rates,Annex 5.6 – Yield,"CACP Price Policy for Kharif Crops, Marketing Season 2025-26",229,
2022-23,Actual,Kharif,Uttar Pradesh,Sesamum,13684,332.9,2.18,May–November 2022,Annex 5.6 – Break-up of Cost of Cultivation,Annex 5.3 – Monthly Average Daily Wage Rates,Annex 5.6 – Yield,"CACP Price Policy for Kharif Crops, Marketing Season 2025-26",267,
2022-23,Actual,Kharif,Uttar Pradesh,Urad,12991,332.9,2.67,May–November 2022,Annex 5.6 – Break-up of Cost of Cultivation,Annex 5.3 – Monthly Average Daily Wage Rates,Annex 5.6 – Yield,"CACP Price Policy for Kharif Crops, Marketing Season 2025-26",255,
2022-23,Actual,Kharif,West Bengal,Groundnut,70205,351,33.96,May–November 2022,Annex 5.6 – Break-up of Cost of Cultivation,Annex 5.3 – Monthly Average Daily Wage Rates,Annex 5.6 – Yield,"CACP Price Policy for Kharif Crops, Marketing Season 2025-26",260,
2022-23,Actual,Kharif,West Bengal,Paddy,46989,351,45.02,May–November 2022,Annex 5.6 – Break-up of Cost of Cultivation,Annex 5.3 – Monthly Average Daily Wage Rates,Annex 5.6 – Yield,"CACP Price Policy for Kharif Crops, Marketing Season 2025-26",229,
2022-23,Actual,Kharif,West Bengal,Sesamum,39885,351,11.7,May–November 2022,Annex 5.6 – Break-up of Cost of Cultivation,Annex 5.3 – Monthly Average Daily Wage Rates,Annex 5.6 – Yield,"CACP Price Policy for Kharif Crops, Marketing Season 2025-26",267,
2022-23,Actual,Rabi,Andhra Pradesh,Gram,10728,492.4,16.2,October 2022–April 2023,Annex 5.6 – Break-up of Cost of Cultivation,Annex 5.3 – Monthly Average Daily Wage Rates,Annex 5.6 – Yield,"CACP Price Policy for Rabi Crops, Marketing Season 2026-27",199,
2022-23,Actual,Rabi,Assam,Rapeseed & Mustard,15979,346,9.2,October 2022–April 2023,Annex 5.6 – Break-up of Cost of Cultivation,Annex 5.3 – Monthly Average Daily Wage Rates,Annex 5.6 – Yield,"CACP Price Policy for Rabi Crops, Marketing Season 2026-27",207,
2022-23,Actual,Rabi,Bihar,Gram,14941,342.4,14.2,October 2022–April 2023,Annex 5.6 – Break-up of Cost of Cultivation,Annex 5.3 – Monthly Average Daily Wage Rates,Annex 5.6 – Yield,"CACP Price Policy for Rabi Crops, Marketing Season 2026-27",199,
2022-23,Actual,Rabi,Bihar,Lentil (Masur),12964,342.4,10.3,October 2022–April 2023,Annex 5.6 – Break-up of Cost of Cultivation,Annex 5.3 – Monthly Average Daily Wage Rates,Annex 5.6 – Yield,"CACP Price Policy for Rabi Crops, Marketing Season 2026-27",205,
2022-23,Actual,Rabi,Bihar,Rapeseed & Mustard,14246,342.4,9.7,October 2022–April 2023,Annex 5.6 – Break-up of Cost of Cultivation,Annex 5.3 – Monthly Average Daily Wage Rates,Annex 5.6 – Yield,"CACP Price Policy for Rabi Crops, Marketing Season 2026-27",207,
2022-23,Actual,Rabi,Bihar,Wheat,15575,342.4,29.5,October 2022–April 2023,Annex 5.6 – Break-up of Cost of Cultivation,Annex 5.3 – Monthly Average Daily Wage Rates,Annex 5.6 – Yield,"CACP Price Policy for Rabi Crops, Marketing Season 2026-27",191,
2022-23,Actual,Rabi,Chhattisgarh,Gram,9306,,14.7,October 2022–April 2023,Annex 5.6 – Break-up of Cost of Cultivation,Annex 5.3 – Monthly Average Daily Wage Rates,Annex 5.6 – Yield,"CACP Price Policy for Rabi Crops, Marketing Season 2026-27",200,
2022-23,Actual,Rabi,Chhattisgarh,Wheat,8030,,27.2,October 2022–April 2023,Annex 5.6 – Break-up of Cost of Cultivation,Annex 5.3 – Monthly Average Daily Wage Rates,Annex 5.6 – Yield,"CACP Price Policy for Rabi Crops, Marketing Season 2026-27",191,
2022-23,Actual,Rabi,Gujarat,Gram,20453,267.4,15.5,October 2022–April 2023,Annex 5.6 – Break-up of Cost of Cultivation,Annex 5.3 – Monthly Average Daily Wage Rates,Annex 5.6 – Yield,"CACP Price Policy for Rabi Crops, Marketing Season 2026-27",200,
2022-23,Actual,Rabi,Gujarat,Rapeseed & Mustard,27875,267.4,20.3,October 2022–April 2023,Annex 5.6 – Break-up of Cost of Cultivation,Annex 5.3 – Monthly Average Daily Wage Rates,Annex 5.6 – Yield,"CACP Price Policy for Rabi Crops, Marketing Season 2026-27",208,
2022-23,Actual,Rabi,Gujarat,Wheat,14208,267.4,34.3,October 2022–April 2023,Annex 5.6 – Break-up of Cost of Cultivation,Annex 5.3 – Monthly Average Daily Wage Rates,Annex 5.6 – Yield,"CACP Price Policy for Rabi Crops, Marketing Season 2026-27",192,
2022-23,Actual,Rabi,Haryana,Gram,13546,448.7,8.5,October 2022–April 2023,Annex 5.6 – Break-up of Cost of Cultivation,Annex 5.3 – Monthly Average Daily Wage Rates,Annex 5.6 – Yield,"CACP Price Policy for Rabi Crops, Marketing Season 2026-27",201,
2022-23,Actual,Rabi,Haryana,Rapeseed & Mustard,12179,448.7,18.1,October 2022–April 2023,Annex 5.6 – Break-up of Cost of Cultivation,Annex 5.3 – Monthly Average Daily Wage Rates,Annex 5.6 – Yield,"CACP Price Policy for Rabi Crops, Marketing Season 2026-27",208,
2022-23,Actual,Rabi,Haryana,Wheat,9422,448.7,46.7,October 2022–April 2023,Annex 5.6 – Break-up of Cost of Cultivation,Annex 5.3 – Monthly Average Daily Wage Rates,Annex 5.6 – Yield,"CACP Price Policy for Rabi Crops, Marketing Season 2026-27",192,
2022-23,Actual,Rabi,Himachal Pradesh,Barley,22126,461.4,11.3,October 2022–April 2023,Annex 5.6 – Break-up of Cost of Cultivation,Annex 5.3 – Monthly Average Daily Wage Rates,Annex 5.6 – Yield,"CACP Price Policy for Rabi Crops, Marketing Season 2026-27",197,
2022-23,Actual,Rabi,Himachal Pradesh,Rapeseed & Mustard,15962,461.4,4.8,October 2022–April 2023,Annex 5.6 – Break-up of Cost of Cultivation,Annex 5.3 – Monthly Average Daily Wage Rates,Annex 5.6 – Yield,"CACP Price Policy for Rabi Crops, Marketing Season 2026-27",209,
2022-23,Actual,Rabi,Himachal Pradesh,Wheat,16741,461.4,20.4,October 2022–April 2023,Annex 5.6 – Break-up of Cost of Cultivation,Annex 5.3 – Monthly Average Daily Wage Rates,Annex 5.6 – Yield,"CACP Price Policy for Rabi Crops, Marketing Season 2026-27",193,
2022-23,Actual,Rabi,Jharkhand,Gram,21855,,5.3,October 2022–April 2023,Annex 5.6 – Break-up of Cost of Cultivation,Annex 5.3 – Monthly Average Daily Wage Rates,Annex 5.6 – Yield,"CACP Price Policy for Rabi Crops, Marketing Season 2026-27",201,
2022-23,Actual,Rabi,Jharkhand,Rapeseed & Mustard,19769,,6.9,October 2022–April 2023,Annex 5.6 – Break-up of Cost of Cultivation,Annex 5.3 – Monthly Average Daily Wage Rates,Annex 5.6 – Yield,"CACP Price Policy for Rabi Crops, Marketing Season 2026-27",209,
2022-23,Actual,Rabi,Jharkhand,Wheat,16796,,26.5,October 2022–April 2023,Annex 5.6 – Break-up of Cost of Cultivation,Annex 5.3 – Monthly Average Daily Wage Rates,Annex 5.6 – Yield,"CACP Price Policy for Rabi Crops, Marketing Season 2026-27",193,
2022-23,Actual,Rabi,Karnataka,Gram,12408,417.4,9.7,October 2022–April 2023,Annex 5.6 – Break-up of Cost of Cultivation,Annex 5.3 – Monthly Average Daily Wage Rates,Annex 5.6 – Yield,"CACP Price Policy for Rabi Crops, Marketing Season 2026-27",202,
2022-23,Actual,Rabi,Karnataka,Safflower,8421,417.4,3.8,October 2022–April 2023,Annex 5.6 – Break-up of Cost of Cultivation,Annex 5.3 – Monthly Average Daily Wage Rates,Annex 5.6 – Yield,"CACP Price Policy for Rabi Crops, Marketing Season 2026-27",213,
2022-23,Actual,Rabi,Madhya Pradesh,Gram,10189,258.3,12.9,October 2022–April 2023,Annex 5.6 – Break-up of Cost of Cultivation,Annex 5.3 – Monthly Average Daily Wage Rates,Annex 5.6 – Yield,"CACP Price Policy for Rabi Crops, Marketing Season 2026-27",202,
2022-23,Actual,Rabi,Madhya Pradesh,Lentil (Masur),9505,258.3,10.8,October 2022–April 2023,Annex 5.6 – Break-up of Cost of Cultivation,Annex 5.3 – Monthly Average Daily Wage Rates,Annex 5.6 – Yield,"CACP Price Policy for Rabi Crops, Marketing Season 2026-27",205,
2022-23,Actual,Rabi,Madhya Pradesh,Rapeseed & Mustard,12312,258.3,17,October 2022–April 2023,Annex 5.6 – Break-up of Cost of Cultivation,Annex 5.3 – Monthly Average Daily Wage Rates,Annex 5.6 – Yield,"CACP Price Policy for Rabi Crops, Marketing Season 2026-27",210,
2022-23,Actual,Rabi,Madhya Pradesh,Wheat,11057,258.3,39.2,October 2022–April 2023,Annex 5.6 – Break-up of Cost of Cultivation,Annex 5.3 – Monthly Average Daily Wage Rates,Annex 5.6 – Yield,"CACP Price Policy for Rabi Crops, Marketing Season 2026-27",194,
2022-23,Actual,Rabi,Maharashtra,Gram,19408,348.1,15.1,October 2022–April 2023,Annex 5.6 – Break-up of Cost of Cultivation,Annex 5.3 – Monthly Average Daily Wage Rates,Annex 5.6 – Yield,"CACP Price Policy for Rabi Crops, Marketing Season 2026-27",203,
2022-23,Actual,Rabi,Maharashtra,Wheat,18550,348.1,31,October 2022–April 2023,Annex 5.6 – Break-up of Cost of Cultivation,Annex 5.3 – Monthly Average Daily Wage Rates,Annex 5.6 – Yield,"CACP Price Policy for Rabi Crops, Marketing Season 2026-27",194,
2022-23,Actual,Rabi,Punjab,Rapeseed & Mustard,16287,400.1,15.2,October 2022–April 2023,Annex 5.6 – Break-up of Cost of Cultivation,Annex 5.3 – Monthly Average Daily Wage Rates,Annex 5.6 – Yield,"CACP Price Policy for Rabi Crops, Marketing Season 2026-27",210,
2022-23,Actual,Rabi,Punjab,Wheat,5143,400.1,48,October 2022–April 2023,Annex 5.6 – Break-up of Cost of Cultivation,Annex 5.3 – Monthly Average Daily Wage Rates,Annex 5.6 – Yield,"CACP Price Policy for Rabi Crops, Marketing Season 2026-27",195,
2022-23,Actual,Rabi,Rajasthan,Barley,28826,354,35.9,October 2022–April 2023,Annex 5.6 – Break-up of Cost of Cultivation,Annex 5.3 – Monthly Average Daily Wage Rates,Annex 5.6 – Yield,"CACP Price Policy for Rabi Crops, Marketing Season 2026-27",197,
2022-23,Actual,Rabi,Rajasthan,Gram,19920,354,11.3,October 2022–April 2023,Annex 5.6 – Break-up of Cost of Cultivation,Annex 5.3 – Monthly Average Daily Wage Rates,Annex 5.6 – Yield,"CACP Price Policy for Rabi Crops, Marketing Season 2026-27",203,
2022-23,Actual,Rabi,Rajasthan,Rapeseed & Mustard,21896,354,12.7,October 2022–April 2023,Annex 5.6 – Break-up of Cost of Cultivation,Annex 5.3 – Monthly Average Daily Wage Rates,Annex 5.6 – Yield,"CACP Price Policy for Rabi Crops, Marketing Season 2026-27",211,
2022-23,Actual,Rabi,Rajasthan,Wheat,28948,354,38.8,October 2022–April 2023,Annex 5.6 – Break-up of Cost of Cultivation,Annex 5.3 – Monthly Average Daily Wage Rates,Annex 5.6 – Yield,"CACP Price Policy for Rabi Crops, Marketing Season 2026-27",195,
2022-23,Actual,Rabi,Telangana,Gram,10890,,11,October 2022–April 2023,Annex 5.6 – Break-up of Cost of Cultivation,Annex 5.3 – Monthly Average Daily Wage Rates,Annex 5.6 – Yield,"CACP Price Policy for Rabi Crops, Marketing Season 2026-27",204,
2022-23,Actual,Rabi,Uttar Pradesh,Barley,21417,340.9,35.9,October 2022–April 2023,Annex 5.6 – Break-up of Cost of Cultivation,Annex 5.3 – Monthly Average Daily Wage Rates,Annex 5.6 – Yield,"CACP Price Policy for Rabi Crops, Marketing Season 2026-27",198,
2022-23,Actual,Rabi,Uttar Pradesh,Gram,20799,340.9,9.3,October 2022–April 2023,Annex 5.6 – Break-up of Cost of Cultivation,Annex 5.3 – Monthly Average Daily Wage Rates,Annex 5.6 – Yield,"CACP Price Policy for Rabi Crops, Marketing Season 2026-27",204,
2022-23,Actual,Rabi,Uttar Pradesh,Lentil (Masur),15166,340.9,9,October 2022–April 2023,Annex 5.6 – Break-up of Cost of Cultivation,Annex 5.3 – Monthly Average Daily Wage Rates,Annex 5.6 – Yield,"CACP Price Policy for Rabi Crops, Marketing Season 2026-27",206,
2022-23,Actual,Rabi,Uttar Pradesh,Rapeseed & Mustard,14891,340.9,14.3,October 2022–April 2023,Annex 5.6 – Break-up of Cost of Cultivation,Annex 5.3 – Monthly Average Daily Wage Rates,Annex 5.6 – Yield,"CACP Price Policy for Rabi Crops, Marketing Season 2026-27",211,
2022-23,Actual,Rabi,Uttar Pradesh,Wheat,17023,340.9,35.4,October 2022–April 2023,Annex 5.6 – Break-up of Cost of Cultivation,Annex 5.3 – Monthly Average Daily Wage Rates,Annex 5.6 – Yield,"CACP Price Policy for Rabi Crops, Marketing Season 2026-27",196,
2022-23,Actual,Rabi,West Bengal,Lentil (Masur),23226,357.6,10.5,October 2022–April 2023,Annex 5.6 – Break-up of Cost of Cultivation,Annex 5.3 – Monthly Average Daily Wage Rates,Annex 5.6 – Yield,"CACP Price Policy for Rabi Crops, Marketing Season 2026-27",206,
2022-23,Actual,Rabi,West Bengal,Rapeseed & Mustard,23902,357.6,12.8,October 2022–April 2023,Annex 5.6 – Break-up of Cost of Cultivation,Annex 5.3 – Monthly Average Daily Wage Rates,Annex 5.6 – Yield,"CACP Price Policy for Rabi Crops, Marketing Season 2026-27",212,
2022-23,Actual,Rabi,West Bengal,Wheat,15023,357.6,34.2,October 2022–April 2023,Annex 5.6 – Break-up of Cost of Cultivation,Annex 5.3 – Monthly Average Daily Wage Rates,Annex 5.6 – Yield,"CACP Price Policy for Rabi Crops, Marketing Season 2026-27",196,
2023-24,Actual,Kharif,Andhra Pradesh,Arhar (Tur),10436,529.9,6.02,May–November 2023,Annex 5.6 – Break-up of Cost of Cultivation,Annex 5.3 – Monthly Average Daily Wage Rates,Annex 5.6 – Yield,"CACP Price Policy for Kharif Crops, Marketing Season 2025-26",243,
2023-24,Actual,Kharif,Andhra Pradesh,Cotton,36465,529.9,16.12,May–November 2023,Annex 5.6 – Break-up of Cost of Cultivation,Annex 5.3 – Monthly Average Daily Wage Rates,Annex 5.6 – Yield,"CACP Price Policy for Kharif Crops, Marketing Season 2025-26",269,
2023-24,Actual,Kharif,Andhra Pradesh,Groundnut,33265,529.9,13.25,May–November 2023,Annex 5.6 – Break-up of Cost of Cultivation,Annex 5.3 – Monthly Average Daily Wage Rates,Annex 5.6 – Yield,"CACP Price Policy for Kharif Crops, Marketing Season 2025-26",256,
2023-24,Actual,Kharif,Andhra Pradesh,Jowar,24198,529.9,48.83,May–November 2023,Annex 5.6 – Break-up of Cost of Cultivation,Annex 5.3 – Monthly Average Daily Wage Rates,Annex 5.6 – Yield,"CACP Price Policy for Kharif Crops, Marketing Season 2025-26",230,
2023-24,Actual,Kharif,Andhra Pradesh,Maize,22019,529.9,70.15,May–November 2023,Annex 5.6 – Break-up of Cost of Cultivation,Annex 5.3 – Monthly Average Daily Wage Rates,Annex 5.6 – Yield,"CACP Price Policy for Kharif Crops, Marketing Season 2025-26",236,
2023-24,Actual,Kharif,Andhra Pradesh,Moong,11343,529.9,7.87,May–November 2023,Annex 5.6 – Break-up of Cost of Cultivation,Annex 5.3 – Monthly Average Daily Wage Rates,Annex 5.6 – Yield,"CACP Price Policy for Kharif Crops, Marketing Season 2025-26",247,
2023-24,Actual,Kharif,Andhra Pradesh,Paddy,35256,529.9,64.03,May–November 2023,Annex 5.6 – Break-up of Cost of Cultivation,Annex 5.3 – Monthly Average Daily Wage Rates,Annex 5.6 – Yield,"CACP Price Policy for Kharif Crops, Marketing Season 2025-26",221,
2023-24,Actual,Kharif,Andhra Pradesh,Sesamum,12910,529.9,3.6,May–November 2023,Annex 5.6 – Break-up of Cost of Cultivation,Annex 5.3 – Monthly Average Daily Wage Rates,Annex 5.6 – Yield,"CACP Price Policy for Kharif Crops, Marketing Season 2025-26",265,
2023-24,Actual,Kharif,Andhra Pradesh,Sunflower,17796,529.9,11.94,May–November 2023,Annex 5.6 – Break-up of Cost of Cultivation,Annex 5.3 – Monthly Average Daily Wage Rates,Annex 5.6 – Yield,"CACP Price Policy for Kharif Crops, Marketing Season 2025-26",264,
2023-24,Actual,Kharif,Andhra Pradesh,Urad,15369,529.9,10.69,May–November 2023,Annex 5.6 – Break-up of Cost of Cultivation,Annex 5.3 – Monthly Average Daily Wage Rates,Annex 5.6 – Yield,"CACP Price Policy for Kharif Crops, Marketing Season 2025-26",251,
2023-24,Actual,Kharif,Assam,Paddy,30646,368.3,37.43,May–November 2023,Annex 5.6 – Break-up of Cost of Cultivation,Annex 5.3 – Monthly Average Daily Wage Rates,Annex 5.6 – Yield,"CACP Price Policy for Kharif Crops, Marketing Season 2025-26",221,
2023-24,Actual,Kharif,Bihar,Maize,20561,360.7,51.65,May–November 2023,Annex 5.6 – Break-up of Cost of Cultivation,Annex 5.3 – Monthly Average Daily Wage Rates,Annex 5.6 – Yield,"CACP Price Policy for Kharif Crops, Marketing Season 2025-26",236,
2023-24,Actual,Kharif,Bihar,Paddy,25645,360.7,32.22,May–November 2023,Annex 5.6 – Break-up of Cost of Cultivation,Annex 5.3 – Monthly Average Daily Wage Rates,Annex 5.6 – Yield,"CACP Price Policy for Kharif Crops, Marketing Season 2025-26",222,
2023-24,Actual,Kharif,Chhattisgarh,Paddy,16367,,46.67,May–November 2023,Annex 5.6 – Break-up of Cost of Cultivation,Annex 5.3 – Monthly Average Daily Wage Rates,Annex 5.6 – Yield,"CACP Price Policy for Kharif Crops, Marketing Season 2025-26",222,
2023-24,Actual,Kharif,Gujarat,Arhar (Tur),18826,277,8.87,May–November 2023,Annex 5.6 – Break-up of Cost of Cultivation,Annex 5.3 – Monthly Average Daily Wage Rates,Annex 5.6 – Yield,"CACP Price Policy for Kharif Crops, Marketing Season 2025-26",243,
2023-24,Actual,Kharif,Gujarat,Bajra,32426,277,32.81,May–November 2023,Annex 5.6 – Break-up of Cost of Cultivation,Annex 5.3 – Monthly Average Daily Wage Rates,Annex 5.6 – Yield,"CACP Price Policy for Kharif Crops, Marketing Season 2025-26",233,
2023-24,Actual,Kharif,Gujarat,Cotton,39760,277,15.82,May–November 2023,Annex 5.6 – Break-up of Cost of Cultivation,Annex 5.3 – Monthly Average Daily Wage Rates,Annex 5.6 – Yield,"CACP Price Policy for Kharif Crops, Marketing Season 2025-26",269,
2023-24,Actual,Kharif,Gujarat,Groundnut,29298,277,19.73,May–November 2023,Annex 5.6 – Break-up of Cost of Cultivation,Annex 5.3 – Monthly Average Daily Wage Rates,Annex 5.6 – Yield,"CACP Price Policy for Kharif Crops, Marketing Season 2025-26",256,
2023-24,Actual,Kharif,Gujarat,Maize,26974,277,22.48,May–November 2023,Annex 5.6 – Break-up of Cost of Cultivation,Annex 5.3 – Monthly Average Daily Wage Rates,Annex 5.6 – Yield,"CACP Price Policy for Kharif Crops, Marketing Season 2025-26",237,
2023-24,Actual,Kharif,Gujarat,Moong,19895,277,5.73,May–November 2023,Annex 5.6 – Break-up of Cost of Cultivation,Annex 5.3 – Monthly Average Daily Wage Rates,Annex 5.6 – Yield,"CACP Price Policy for Kharif Crops, Marketing Season 2025-26",247,
2023-24,Actual,Kharif,Gujarat,Paddy,24661,277,40.18,May–November 2023,Annex 5.6 – Break-up of Cost of Cultivation,Annex 5.3 – Monthly Average Daily Wage Rates,Annex 5.6 – Yield,"CACP Price Policy for Kharif Crops, Marketing Season 2025-26",223,
2023-24,Actual,Kharif,Gujarat,Sesamum,23727,277,5.93,May–November 2023,Annex 5.6 – Break-up of Cost of Cultivation,Annex 5.3 – Monthly Average Daily Wage Rates,Annex 5.6 – Yield,"CACP Price Policy for Kharif Crops, Marketing Season 2025-26",265,
2023-24,Actual,Kharif,Gujarat,Soybean,17205,277,9.36,May–November 2023,Annex 5.6 – Break-up of Cost of Cultivation,Annex 5.3 – Monthly Average Daily Wage Rates,Annex 5.6 – Yield,"CACP Price Policy for Kharif Crops, Marketing Season 2025-26",261,
2023-24,Actual,Kharif,Gujarat,Urad,18664,277,5.24,May–November 2023,Annex 5.6 – Break-up of Cost of Cultivation,Annex 5.3 – Monthly Average Daily Wage Rates,Annex 5.6 – Yield,"CACP Price Policy for Kharif Crops, Marketing Season 2025-26",251,
2023-24,Actual,Kharif,Haryana,Bajra,16170,460.9,15.34,May–November 2023,Annex 5.6 – Break-up of Cost of Cultivation,Annex 5.3 – Monthly Average Daily Wage Rates,Annex 5.6 – Yield,"CACP Price Policy for Kharif Crops, Marketing Season 2025-26",233,
2023-24,Actual,Kharif,Haryana,Cotton,25563,460.9,13.96,May–November 2023,Annex 5.6 – Break-up of Cost of Cultivation,Annex 5.3 – Monthly Average Daily Wage Rates,Annex 5.6 – Yield,"CACP Price Policy for Kharif Crops, Marketing Season 2025-26",270,
2023-24,Actual,Kharif,Haryana,Paddy,25086,460.9,56.18,May–November 2023,Annex 5.6 – Break-up of Cost of Cultivation,Annex 5.3 – Monthly Average Daily Wage Rates,Annex 5.6 – Yield,"CACP Price Policy for Kharif Crops, Marketing Season 2025-26",223,
2023-24,Actual,Kharif,Himachal Pradesh,Maize,21940,477,19.1,May–November 2023,Annex 5.6 – Break-up of Cost of Cultivation,Annex 5.3 – Monthly Average Daily Wage Rates,Annex 5.6 – Yield,"CACP Price Policy for Kharif Crops, Marketing Season 2025-26",237,
2023-24,Actual,Kharif,Himachal Pradesh,Paddy,30720,477,24.29,May–November 2023,Annex 5.6 – Break-up of Cost of Cultivation,Annex 5.3 – Monthly Average Daily Wage Rates,Annex 5.6 – Yield,"CACP Price Policy for Kharif Crops, Marketing Season 2025-26",224,
2023-24,Actual,Kharif,Jharkhand,Paddy,23815,,26.05,May–November 2023,Annex 5.6 – Break-up of Cost of Cultivation,Annex 5.3 – Monthly Average Daily Wage Rates,Annex 5.6 – Yield,"CACP Price Policy for Kharif Crops, Marketing Season 2025-26",224,
2023-24,Actual,Kharif,Karnataka,Arhar (Tur),16325,428.7,5.23,May–November 2023,Annex 5.6 – Break-up of Cost of Cultivation,Annex 5.3 – Monthly Average Daily Wage Rates,Annex 5.6 – Yield,"CACP Price Policy for Kharif Crops, Marketing Season 2025-26",244,
2023-24,Actual,Kharif,Karnataka,Cotton,31341,428.7,13.38,May–November 2023,Annex 5.6 – Break-up of Cost of Cultivation,Annex 5.3 – Monthly Average Daily Wage Rates,Annex 5.6 – Yield,"CACP Price Policy for Kharif Crops, Marketing Season 2025-26",270,
2023-24,Actual,Kharif,Karnataka,Groundnut,28138,428.7,8.08,May–November 2023,Annex 5.6 – Break-up of Cost of Cultivation,Annex 5.3 – Monthly Average Daily Wage Rates,Annex 5.6 – Yield,"CACP Price Policy for Kharif Crops, Marketing Season 2025-26",257,
2023-24,Actual,Kharif,Karnataka,Jowar,19965,428.7,10.62,May–November 2023,Annex 5.6 – Break-up of Cost of Cultivation,Annex 5.3 – Monthly Average Daily Wage Rates,Annex 5.6 – Yield,"CACP Price Policy for Kharif Crops, Marketing Season 2025-26",230,
2023-24,Actual,Kharif,Karnataka,Maize,21613,428.7,33.22,May–November 2023,Annex 5.6 – Break-up of Cost of Cultivation,Annex 5.3 – Monthly Average Daily Wage Rates,Annex 5.6 – Yield,"CACP Price Policy for Kharif Crops, Marketing Season 2025-26",238,
2023-24,Actual,Kharif,Karnataka,Moong,11478,428.7,4.18,May–November 2023,Annex 5.6 – Break-up of Cost of Cultivation,Annex 5.3 – Monthly Average Daily Wage Rates,Annex 5.6 – Yield,"CACP Price Policy for Kharif Crops, Marketing Season 2025-26",248,
2023-24,Actual,Kharif,Karnataka,Paddy,32492,428.7,51.05,May–November 2023,Annex 5.6 – Break-up of Cost of Cultivation,Annex 5.3 – Monthly Average Daily Wage Rates,Annex 5.6 – Yield,"CACP Price Policy for Kharif Crops, Marketing Season 2025-26",225,
2023-24,Actual,Kharif,Karnataka,Ragi,30786,428.7,11.64,May–November 2023,Annex 5.6 – Break-up of Cost of Cultivation,Annex 5.3 – Monthly Average Daily Wage Rates,Annex 5.6 – Yield,"CACP Price Policy for Kharif Crops, Marketing Season 2025-26",242,
2023-24,Actual,Kharif,Karnataka,Soybean,21568,428.7,14.52,May–November 2023,Annex 5.6 – Break-up of Cost of Cultivation,Annex 5.3 – Monthly Average Daily Wage Rates,Annex 5.6 – Yield,"CACP Price Policy for Kharif Crops, Marketing Season 2025-26",261,
2023-24,Actual,Kharif,Karnataka,Sunflower,12180,428.7,7.57,May–November 2023,Annex 5.6 – Break-up of Cost of Cultivation,Annex 5.3 – Monthly Average Daily Wage Rates,Annex 5.6 – Yield,"CACP Price Policy for Kharif Crops, Marketing Season 2025-26",264,
2023-24,Actual,Kharif,Karnataka,Urad,11134,428.7,4.74,May–November 2023,Annex 5.6 – Break-up of Cost of Cultivation,Annex 5.3 – Monthly Average Daily Wage Rates,Annex 5.6 – Yield,"CACP Price Policy for Kharif Crops, Marketing Season 2025-26",252,
2023-24,Actual,Kharif,Kerala,Paddy,40499,799.9,36.35,May–November 2023,Annex 5.6 – Break-up of Cost of Cultivation,Annex 5.3 – Monthly Average Daily Wage Rates,Annex 5.6 – Yield,"CACP Price Policy for Kharif Crops, Marketing Season 2025-26",225,
2023-24,Actual,Kharif,Madhya Pradesh,Cotton,31246,268,16.17,May–November 2023,Annex 5.6 – Break-up of Cost of Cultivation,Annex 5.3 – Monthly Average Daily Wage Rates,Annex 5.6 – Yield,"CACP Price Policy for Kharif Crops, Marketing Season 2025-26",271,
2023-24,Actual,Kharif,Madhya Pradesh,Maize,14590,268,34.33,May–November 2023,Annex 5.6 – Break-up of Cost of Cultivation,Annex 5.3 – Monthly Average Daily Wage Rates,Annex 5.6 – Yield,"CACP Price Policy for Kharif Crops, Marketing Season 2025-26",238,
2023-24,Actual,Kharif,Madhya Pradesh,Paddy,18372,268,40.37,May–November 2023,Annex 5.6 – Break-up of Cost of Cultivation,Annex 5.3 – Monthly Average Daily Wage Rates,Annex 5.6 – Yield,"CACP Price Policy for Kharif Crops, Marketing Season 2025-26",226,
2023-24,Actual,Kharif,Madhya Pradesh,Sesamum,14904,268,4.79,May–November 2023,Annex 5.6 – Break-up of Cost of Cultivation,Annex 5.3 – Monthly Average Daily Wage Rates,Annex 5.6 – Yield,"CACP Price Policy for Kharif Crops, Marketing Season 2025-26",266,
2023-24,Actual,Kharif,Madhya Pradesh,Soybean,8752,268,12.1,May–November 2023,Annex 5.6 – Break-up of Cost of Cultivation,Annex 5.3 – Monthly Average Daily Wage Rates,Annex 5.6 – Yield,"CACP Price Policy for Kharif Crops, Marketing Season 2025-26",262,
2023-24,Actual,Kharif,Madhya Pradesh,Urad,8633,268,7.06,May–November 2023,Annex 5.6 – Break-up of Cost of Cultivation,Annex 5.3 – Monthly Average Daily Wage Rates,Annex 5.6 – Yield,"CACP Price Policy for Kharif Crops, Marketing Season 2025-26",252,
2023-24,Actual,Kharif,Maharashtra,Arhar (Tur),38885,360.6,16.64,May–November 2023,Annex 5.6 – Break-up of Cost of Cultivation,Annex 5.3 – Monthly Average Daily Wage Rates,Annex 5.6 – Yield,"CACP Price Policy for Kharif Crops, Marketing Season 2025-26",244,
2023-24,Actual,Kharif,Maharashtra,Bajra,30117,360.6,21.82,May–November 2023,Annex 5.6 – Break-up of Cost of Cultivation,Annex 5.3 – Monthly Average Daily Wage Rates,Annex 5.6 – Yield,"CACP Price Policy for Kharif Crops, Marketing Season 2025-26",234,
2023-24,Actual,Kharif,Maharashtra,Cotton,42929,360.6,15.4,May–November 2023,Annex 5.6 – Break-up of Cost of Cultivation,Annex 5.3 – Monthly Average Daily Wage Rates,Annex 5.6 – Yield,"CACP Price Policy for Kharif Crops, Marketing Season 2025-26",271,
2023-24,Actual,Kharif,Maharashtra,Groundnut,50518,360.6,12.09,May–November 2023,Annex 5.6 – Break-up of Cost of Cultivation,Annex 5.3 – Monthly Average Daily Wage Rates,Annex 5.6 – Yield,"CACP Price Policy for Kharif Crops, Marketing Season 2025-26",257,
2023-24,Actual,Kharif,Maharashtra,Jowar,22663,360.6,11.28,May–November 2023,Annex 5.6 – Break-up of Cost of Cultivation,Annex 5.3 – Monthly Average Daily Wage Rates,Annex 5.6 – Yield,"CACP Price Policy for Kharif Crops, Marketing Season 2025-26",231,
2023-24,Actual,Kharif,Maharashtra,Maize,29607,360.6,57.66,May–November 2023,Annex 5.6 – Break-up of Cost of Cultivation,Annex 5.3 – Monthly Average Daily Wage Rates,Annex 5.6 – Yield,"CACP Price Policy for Kharif Crops, Marketing Season 2025-26",239,
2023-24,Actual,Kharif,Maharashtra,Moong,24854,360.6,7.99,May–November 2023,Annex 5.6 – Break-up of Cost of Cultivation,Annex 5.3 – Monthly Average Daily Wage Rates,Annex 5.6 – Yield,"CACP Price Policy for Kharif Crops, Marketing Season 2025-26",248,
2023-24,Actual,Kharif,Maharashtra,Paddy,46780,360.6,20.92,May–November 2023,Annex 5.6 – Break-up of Cost of Cultivation,Annex 5.3 – Monthly Average Daily Wage Rates,Annex 5.6 – Yield,"CACP Price Policy for Kharif Crops, Marketing Season 2025-26",226,
2023-24,Actual,Kharif,Maharashtra,Soybean,18822,360.6,15.54,May–November 2023,Annex 5.6 – Break-up of Cost of Cultivation,Annex 5.3 – Monthly Average Daily Wage Rates,Annex 5.6 – Yield,"CACP Price Policy for Kharif Crops, Marketing Season 2025-26",262,
2023-24,Actual,Kharif,Maharashtra,Urad,21082,360.6,6.25,May–November 2023,Annex 5.6 – Break-up of Cost of Cultivation,Annex 5.3 – Monthly Average Daily Wage Rates,Annex 5.6 – Yield,"CACP Price Policy for Kharif Crops, Marketing Season 2025-26",253,
2023-24,Actual,Kharif,Odisha,Arhar (Tur),12756,303.4,3.52,May–November 2023,Annex 5.6 – Break-up of Cost of Cultivation,Annex 5.3 – Monthly Average Daily Wage Rates,Annex 5.6 – Yield,"CACP Price Policy for Kharif Crops, Marketing Season 2025-26",245,
2023-24,Actual,Kharif,Odisha,Cotton,40689,303.4,14.75,May–November 2023,Annex 5.6 – Break-up of Cost of Cultivation,Annex 5.3 – Monthly Average Daily Wage Rates,Annex 5.6 – Yield,"CACP Price Policy for Kharif Crops, Marketing Season 2025-26",272,
2023-24,Actual,Kharif,Odisha,Groundnut,34570,303.4,8.9,May–November 2023,Annex 5.6 – Break-up of Cost of Cultivation,Annex 5.3 – Monthly Average Daily Wage Rates,Annex 5.6 – Yield,"CACP Price Policy for Kharif Crops, Marketing Season 2025-26",258,
2023-24,Actual,Kharif,Odisha,Moong,12418,303.4,4.17,May–November 2023,Annex 5.6 – Break-up of Cost of Cultivation,Annex 5.3 – Monthly Average Daily Wage Rates,Annex 5.6 – Yield,"CACP Price Policy for Kharif Crops, Marketing Season 2025-26",249,
2023-24,Actual,Kharif,Odisha,Nigerseed,17108,303.4,3.22,May–November 2023,Annex 5.6 – Break-up of Cost of Cultivation,Annex 5.3 – Monthly Average Daily Wage Rates,Annex 5.6 – Yield,"CACP Price Policy for Kharif Crops, Marketing Season 2025-26",268,
2023-24,Actual,Kharif,Odisha,Paddy,34770,303.4,42.47,May–November 2023,Annex 5.6 – Break-up of Cost of Cultivation,Annex 5.3 – Monthly Average Daily Wage Rates,Annex 5.6 – Yield,"CACP Price Policy for Kharif Crops, Marketing Season 2025-26",227,
2023-24,Actual,Kharif,Odisha,Ragi,24744,303.4,9.85,May–November 2023,Annex 5.6 – Break-up of Cost of Cultivation,Annex 5.3 – Monthly Average Daily Wage Rates,Annex 5.6 – Yield,"CACP Price Policy for Kharif Crops, Marketing Season 2025-26",242,
2023-24,Actual,Kharif,Odisha,Urad,13475,303.4,3.88,May–November 2023,Annex 5.6 – Break-up of Cost of Cultivation,Annex 5.3 – Monthly Average Daily Wage Rates,Annex 5.6 – Yield,"CACP Price Policy for Kharif Crops, Marketing Season 2025-26",253,
2023-24,Actual,Kharif,Punjab,Cotton,26165,416.3,15.8,May–November 2023,Annex 5.6 – Break-up of Cost of Cultivation,Annex 5.3 – Monthly Average Daily Wage Rates,Annex 5.6 – Yield,"CACP Price Policy for Kharif Crops, Marketing Season 2025-26",272,
2023-24,Actual,Kharif,Punjab,Maize,21817,416.3,33.63,May–November 2023,Annex 5.6 – Break-up of Cost of Cultivation,Annex 5.3 – Monthly Average Daily Wage Rates,Annex 5.6 – Yield,"CACP Price Policy for Kharif Crops, Marketing Season 2025-26",239,
2023-24,Actual,Kharif,Punjab,Paddy,18232,416.3,72.91,May–November 2023,Annex 5.6 – Break-up of Cost of Cultivation,Annex 5.3 – Monthly Average Daily Wage Rates,Annex 5.6 – Yield,"CACP Price Policy for Kharif Crops, Marketing Season 2025-26",227,
2023-24,Actual,Kharif,Rajasthan,Bajra,22248,373.3,11.12,May–November 2023,Annex 5.6 – Break-up of Cost of Cultivation,Annex 5.3 – Monthly Average Daily Wage Rates,Annex 5.6 – Yield,"CACP Price Policy for Kharif Crops, Marketing Season 2025-26",234,
2023-24,Actual,Kharif,Rajasthan,Cotton,33592,373.3,15.07,May–November 2023,Annex 5.6 – Break-up of Cost of Cultivation,Annex 5.3 – Monthly Average Daily Wage Rates,Annex 5.6 – Yield,"CACP Price Policy for Kharif Crops, Marketing Season 2025-26",273,
2023-24,Actual,Kharif,Rajasthan,Groundnut,25535,373.3,25.45,May–November 2023,Annex 5.6 – Break-up of Cost of Cultivation,Annex 5.3 – Monthly Average Daily Wage Rates,Annex 5.6 – Yield,"CACP Price Policy for Kharif Crops, Marketing Season 2025-26",258,
2023-24,Actual,Kharif,Rajasthan,Jowar,22029,373.3,9.49,May–November 2023,Annex 5.6 – Break-up of Cost of Cultivation,Annex 5.3 – Monthly Average Daily Wage Rates,Annex 5.6 – Yield,"CACP Price Policy for Kharif Crops, Marketing Season 2025-26",231,
2023-24,Actual,Kharif,Rajasthan,Maize,32992,373.3,23.55,May–November 2023,Annex 5.6 – Break-up of Cost of Cultivation,Annex 5.3 – Monthly Average Daily Wage Rates,Annex 5.6 – Yield,"CACP Price Policy for Kharif Crops, Marketing Season 2025-26",240,
2023-24,Actual,Kharif,Rajasthan,Moong,16299,373.3,5.07,May–November 2023,Annex 5.6 – Break-up of Cost of Cultivation,Annex 5.3 – Monthly Average Daily Wage Rates,Annex 5.6 – Yield,"CACP Price Policy for Kharif Crops, Marketing Season 2025-26",249,
2023-24,Actual,Kharif,Rajasthan,Sesamum,19733,373.3,2.75,May–November 2023,Annex 5.6 – Break-up of Cost of Cultivation,Annex 5.3 – Monthly Average Daily Wage Rates,Annex 5.6 – Yield,"CACP Price Policy for Kharif Crops, Marketing Season 2025-26",266,
2023-24,Actual,Kharif,Rajasthan,Soybean,21436,373.3,10.74,May–November 2023,Annex 5.6 – Break-up of Cost of Cultivation,Annex 5.3 – Monthly Average Daily Wage Rates,Annex 5.6 – Yield,"CACP Price Policy for Kharif Crops, Marketing Season 2025-26",263,
2023-24,Actual,Kharif,Rajasthan,Urad,21135,373.3,5.05,May–November 2023,Annex 5.6 – Break-up of Cost of Cultivation,Annex 5.3 – Monthly Average Daily Wage Rates,Annex 5.6 – Yield,"CACP Price Policy for Kharif Crops, Marketing Season 2025-26",254,
2023-24,Actual,Kharif,Tamil Nadu,Cotton,66009,600.1,16.32,May–November 2023,Annex 5.6 – Break-up of Cost of Cultivation,Annex 5.3 – Monthly Average Daily Wage Rates,Annex 5.6 – Yield,"CACP Price Policy for Kharif Crops, Marketing Season 2025-26",273,
2023-24,Actual,Kharif,Tamil Nadu,Groundnut,40729,600.1,16.99,May–November 2023,Annex 5.6 – Break-up of Cost of Cultivation,Annex 5.3 – Monthly Average Daily Wage Rates,Annex 5.6 – Yield,"CACP Price Policy for Kharif Crops, Marketing Season 2025-26",259,
2023-24,Actual,Kharif,Tamil Nadu,Jowar,38102,600.1,27.23,May–November 2023,Annex 5.6 – Break-up of Cost of Cultivation,Annex 5.3 – Monthly Average Daily Wage Rates,Annex 5.6 – Yield,"CACP Price Policy for Kharif Crops, Marketing Season 2025-26",232,
2023-24,Actual,Kharif,Tamil Nadu,Maize,28104,600.1,49.72,May–November 2023,Annex 5.6 – Break-up of Cost of Cultivation,Annex 5.3 – Monthly Average Daily Wage Rates,Annex 5.6 – Yield,"CACP Price Policy for Kharif Crops, Marketing Season 2025-26",240,
2023-24,Actual,Kharif,Tamil Nadu,Moong,14592,600.1,3.99,May–November 2023,Annex 5.6 – Break-up of Cost of Cultivation,Annex 5.3 – Monthly Average Daily Wage Rates,Annex 5.6 – Yield,"CACP Price Policy for Kharif Crops, Marketing Season 2025-26",250,
2023-24,Actual,Kharif,Tamil Nadu,Paddy,24987,600.1,45.63,May–November 2023,Annex 5.6 – Break-up of Cost of Cultivation,Annex 5.3 – Monthly Average Daily Wage Rates,Annex 5.6 – Yield,"CACP Price Policy for Kharif Crops, Marketing Season 2025-26",228,
2023-24,Actual,Kharif,Tamil Nadu,Urad,17714,600.1,6.32,May–November 2023,Annex 5.6 – Break-up of Cost of Cultivation,Annex 5.3 – Monthly Average Daily Wage Rates,Annex 5.6 – Yield,"CACP Price Policy for Kharif Crops, Marketing Season 2025-26",254,
2023-24,Actual,Kharif,Telangana,Arhar (Tur),16594,,6.8,May–November 2023,Annex 5.6 – Break-up of Cost of Cultivation,Annex 5.3 – Monthly Average Daily Wage Rates,Annex 5.6 – Yield,"CACP Price Policy for Kharif Crops, Marketing Season 2025-26",245,
2023-24,Actual,Kharif,Telangana,Cotton,46301,,18.57,May–November 2023,Annex 5.6 – Break-up of Cost of Cultivation,Annex 5.3 – Monthly Average Daily Wage Rates,Annex 5.6 – Yield,"CACP Price Policy for Kharif Crops, Marketing Season 2025-26",274,
2023-24,Actual,Kharif,Telangana,Groundnut,39910,,20.14,May–November 2023,Annex 5.6 – Break-up of Cost of Cultivation,Annex 5.3 – Monthly Average Daily Wage Rates,Annex 5.6 – Yield,"CACP Price Policy for Kharif Crops, Marketing Season 2025-26",259,
2023-24,Actual,Kharif,Telangana,Maize,29142,,58.08,May–November 2023,Annex 5.6 – Break-up of Cost of Cultivation,Annex 5.3 – Monthly Average Daily Wage Rates,Annex 5.6 – Yield,"CACP Price Policy for Kharif Crops, Marketing Season 2025-26",241,
2023-24,Actual,Kharif,Telangana,Paddy,31650,,54.77,May–November 2023,Annex 5.6 – Break-up of Cost of Cultivation,Annex 5.3 – Monthly Average Daily Wage Rates,Annex 5.6 – Yield,"CACP Price Policy for Kharif Crops, Marketing Season 2025-26",228,
2023-24,Actual,Kharif,Telangana,Soybean,13990,,9.29,May–November 2023,Annex 5.6 – Break-up of Cost of Cultivation,Annex 5.3 – Monthly Average Daily Wage Rates,Annex 5.6 – Yield,"CACP Price Policy for Kharif Crops, Marketing Season 2025-26",263,
2023-24,Actual,Kharif,Uttar Pradesh,Arhar (Tur),26184,351.9,8.95,May–November 2023,Annex 5.6 – Break-up of Cost of Cultivation,Annex 5.3 – Monthly Average Daily Wage Rates,Annex 5.6 – Yield,"CACP Price Policy for Kharif Crops, Marketing Season 2025-26",246,
2023-24,Actual,Kharif,Uttar Pradesh,Bajra,22834,351.9,21.3,May–November 2023,Annex 5.6 – Break-up of Cost of Cultivation,Annex 5.3 – Monthly Average Daily Wage Rates,Annex 5.6 – Yield,"CACP Price Policy for Kharif Crops, Marketing Season 2025-26",235,
2023-24,Actual,Kharif,Uttar Pradesh,Groundnut,19071,351.9,13.13,May–November 2023,Annex 5.6 – Break-up of Cost of Cultivation,Annex 5.3 – Monthly Average Daily Wage Rates,Annex 5.6 – Yield,"CACP Price Policy for Kharif Crops, Marketing Season 2025-26",260,
2023-24,Actual,Kharif,Uttar Pradesh,Maize,20179,351.9,24.27,May–November 2023,Annex 5.6 – Break-up of Cost of Cultivation,Annex 5.3 – Monthly Average Daily Wage Rates,Annex 5.6 – Yield,"CACP Price Policy for Kharif Crops, Marketing Season 2025-26",241,
2023-24,Actual,Kharif,Uttar Pradesh,Moong,17691,351.9,2.24,May–November 2023,Annex 5.6 – Break-up of Cost of Cultivation,Annex 5.3 – Monthly Average Daily Wage Rates,Annex 5.6 – Yield,"CACP Price Policy for Kharif Crops, Marketing Season 2025-26",250,
2023-24,Actual,Kharif,Uttar Pradesh,Paddy,27403,351.9,40.45,May–November 2023,Annex 5.6 – Break-up of Cost of Cultivation,Annex 5.3 – Monthly Average Daily Wage Rates,Annex 5.6 – Yield,"CACP Price Policy for Kharif Crops, Marketing Season 2025-26",229,
2023-24,Actual,Kharif,Uttar Pradesh,Sesamum,15084,351.9,2.35,May–November 2023,Annex 5.6 – Break-up of Cost of Cultivation,Annex 5.3 – Monthly Average Daily Wage Rates,Annex 5.6 – Yield,"CACP Price Policy for Kharif Crops, Marketing Season 2025-26",267,
2023-24,Actual,Kharif,Uttar Pradesh,Urad,13198,351.9,2.81,May–November 2023,Annex 5.6 – Break-up of Cost of Cultivation,Annex 5.3 – Monthly Average Daily Wage Rates,Annex 5.6 – Yield,"CACP Price Policy for Kharif Crops, Marketing Season 2025-26",255,
2023-24,Actual,Kharif,West Bengal,Groundnut,72751,364.9,34.93,May–November 2023,Annex 5.6 – Break-up of Cost of Cultivation,Annex 5.3 – Monthly Average Daily Wage Rates,Annex 5.6 – Yield,"CACP Price Policy for Kharif Crops, Marketing Season 2025-26",260,
2023-24,Actual,Kharif,West Bengal,Paddy,41081,364.9,45.89,May–November 2023,Annex 5.6 – Break-up of Cost of Cultivation,Annex 5.3 – Monthly Average Daily Wage Rates,Annex 5.6 – Yield,"CACP Price Policy for Kharif Crops, Marketing Season 2025-26",229,
2023-24,Actual,Kharif,West Bengal,Sesamum,36137,364.9,12.36,May–November 2023,Annex 5.6 – Break-up of Cost of Cultivation,Annex 5.3 – Monthly Average Daily Wage Rates,Annex 5.6 – Yield,"CACP Price Policy for Kharif Crops, Marketing Season 2025-26",267,
2023-24,Actual,Rabi,Andhra Pradesh,Gram,10978,548.4,16.4,October 2023–April 2024,Annex 5.6 – Break-up of Cost of Cultivation,Annex 5.3 – Monthly Average Daily Wage Rates,Annex 5.6 – Yield,"CACP Price Policy for Rabi Crops, Marketing Season 2026-27",199,
2023-24,Actual,Rabi,Assam,Rapeseed & Mustard,16316,383.3,10.1,October 2023–April 2024,Annex 5.6 – Break-up of Cost of Cultivation,Annex 5.3 – Monthly Average Daily Wage Rates,Annex 5.6 – Yield,"CACP Price Policy for Rabi Crops, Marketing Season 2026-27",207,
2023-24,Actual,Rabi,Bihar,Gram,15291,369.7,14,October 2023–April 2024,Annex 5.6 – Break-up of Cost of Cultivation,Annex 5.3 – Monthly Average Daily Wage Rates,Annex 5.6 – Yield,"CACP Price Policy for Rabi Crops, Marketing Season 2026-27",199,
2023-24,Actual,Rabi,Bihar,Lentil (Masur),13146,369.7,10.61,October 2023–April 2024,Annex 5.6 – Break-up of Cost of Cultivation,Annex 5.3 – Monthly Average Daily Wage Rates,Annex 5.6 – Yield,"CACP Price Policy for Rabi Crops, Marketing Season 2026-27",205,
2023-24,Actual,Rabi,Bihar,Rapeseed & Mustard,14524,369.7,10.3,October 2023–April 2024,Annex 5.6 – Break-up of Cost of Cultivation,Annex 5.3 – Monthly Average Daily Wage Rates,Annex 5.6 – Yield,"CACP Price Policy for Rabi Crops, Marketing Season 2026-27",207,
2023-24,Actual,Rabi,Bihar,Wheat,15920,369.7,30.2,October 2023–April 2024,Annex 5.6 – Break-up of Cost of Cultivation,Annex 5.3 – Monthly Average Daily Wage Rates,Annex 5.6 – Yield,"CACP Price Policy for Rabi Crops, Marketing Season 2026-27",191,
2023-24,Actual,Rabi,Chhattisgarh,Gram,9735,,14.1,October 2023–April 2024,Annex 5.6 – Break-up of Cost of Cultivation,Annex 5.3 – Monthly Average Daily Wage Rates,Annex 5.6 – Yield,"CACP Price Policy for Rabi Crops, Marketing Season 2026-27",200,
2023-24,Actual,Rabi,Chhattisgarh,Wheat,8186,,25.1,October 2023–April 2024,Annex 5.6 – Break-up of Cost of Cultivation,Annex 5.3 – Monthly Average Daily Wage Rates,Annex 5.6 – Yield,"CACP Price Policy for Rabi Crops, Marketing Season 2026-27",191,
2023-24,Actual,Rabi,Gujarat,Gram,22645,282,16.4,October 2023–April 2024,Annex 5.6 – Break-up of Cost of Cultivation,Annex 5.3 – Monthly Average Daily Wage Rates,Annex 5.6 – Yield,"CACP Price Policy for Rabi Crops, Marketing Season 2026-27",200,
2023-24,Actual,Rabi,Gujarat,Rapeseed & Mustard,26532,282,19.9,October 2023–April 2024,Annex 5.6 – Break-up of Cost of Cultivation,Annex 5.3 – Monthly Average Daily Wage Rates,Annex 5.6 – Yield,"CACP Price Policy for Rabi Crops, Marketing Season 2026-27",208,
2023-24,Actual,Rabi,Gujarat,Wheat,15996,282,35.5,October 2023–April 2024,Annex 5.6 – Break-up of Cost of Cultivation,Annex 5.3 – Monthly Average Daily Wage Rates,Annex 5.6 – Yield,"CACP Price Policy for Rabi Crops, Marketing Season 2026-27",192,
2023-24,Actual,Rabi,Haryana,Gram,13843,468.1,9.1,October 2023–April 2024,Annex 5.6 – Break-up of Cost of Cultivation,Annex 5.3 – Monthly Average Daily Wage Rates,Annex 5.6 – Yield,"CACP Price Policy for Rabi Crops, Marketing Season 2026-27",201,
2023-24,Actual,Rabi,Haryana,Rapeseed & Mustard,12120,468.1,17.2,October 2023–April 2024,Annex 5.6 – Break-up of Cost of Cultivation,Annex 5.3 – Monthly Average Daily Wage Rates,Annex 5.6 – Yield,"CACP Price Policy for Rabi Crops, Marketing Season 2026-27",208,
2023-24,Actual,Rabi,Haryana,Wheat,9522,468.1,47.1,October 2023–April 2024,Annex 5.6 – Break-up of Cost of Cultivation,Annex 5.3 – Monthly Average Daily Wage Rates,Annex 5.6 – Yield,"CACP Price Policy for Rabi Crops, Marketing Season 2026-27",192,
2023-24,Actual,Rabi,Himachal Pradesh,Barley,23902,488.9,11.9,October 2023–April 2024,Annex 5.6 – Break-up of Cost of Cultivation,Annex 5.3 – Monthly Average Daily Wage Rates,Annex 5.6 – Yield,"CACP Price Policy for Rabi Crops, Marketing Season 2026-27",197,
2023-24,Actual,Rabi,Himachal Pradesh,Rapeseed & Mustard,17074,488.9,4.9,October 2023–April 2024,Annex 5.6 – Break-up of Cost of Cultivation,Annex 5.3 – Monthly Average Daily Wage Rates,Annex 5.6 – Yield,"CACP Price Policy for Rabi Crops, Marketing Season 2026-27",209,
2023-24,Actual,Rabi,Himachal Pradesh,Wheat,16701,488.9,20.8,October 2023–April 2024,Annex 5.6 – Break-up of Cost of Cultivation,Annex 5.3 – Monthly Average Daily Wage Rates,Annex 5.6 – Yield,"CACP Price Policy for Rabi Crops, Marketing Season 2026-27",193,
2023-24,Actual,Rabi,Jharkhand,Gram,22086,,6,October 2023–April 2024,Annex 5.6 – Break-up of Cost of Cultivation,Annex 5.3 – Monthly Average Daily Wage Rates,Annex 5.6 – Yield,"CACP Price Policy for Rabi Crops, Marketing Season 2026-27",201,
2023-24,Actual,Rabi,Jharkhand,Rapeseed & Mustard,19384,,7.3,October 2023–April 2024,Annex 5.6 – Break-up of Cost of Cultivation,Annex 5.3 – Monthly Average Daily Wage Rates,Annex 5.6 – Yield,"CACP Price Policy for Rabi Crops, Marketing Season 2026-27",209,
2023-24,Actual,Rabi,Jharkhand,Wheat,16761,,25.4,October 2023–April 2024,Annex 5.6 – Break-up of Cost of Cultivation,Annex 5.3 – Monthly Average Daily Wage Rates,Annex 5.6 – Yield,"CACP Price Policy for Rabi Crops, Marketing Season 2026-27",193,
2023-24,Actual,Rabi,Karnataka,Gram,12369,442.1,9.3,October 2023–April 2024,Annex 5.6 – Break-up of Cost of Cultivation,Annex 5.3 – Monthly Average Daily Wage Rates,Annex 5.6 – Yield,"CACP Price Policy for Rabi Crops, Marketing Season 2026-27",202,
2023-24,Actual,Rabi,Karnataka,Safflower,8695,442.1,4.4,October 2023–April 2024,Annex 5.6 – Break-up of Cost of Cultivation,Annex 5.3 – Monthly Average Daily Wage Rates,Annex 5.6 – Yield,"CACP Price Policy for Rabi Crops, Marketing Season 2026-27",213,
2023-24,Actual,Rabi,Madhya Pradesh,Gram,10353,271.4,12.6,October 2023–April 2024,Annex 5.6 – Break-up of Cost of Cultivation,Annex 5.3 – Monthly Average Daily Wage Rates,Annex 5.6 – Yield,"CACP Price Policy for Rabi Crops, Marketing Season 2026-27",202,
2023-24,Actual,Rabi,Madhya Pradesh,Lentil (Masur),10071,271.4,11.2,October 2023–April 2024,Annex 5.6 – Break-up of Cost of Cultivation,Annex 5.3 – Monthly Average Daily Wage Rates,Annex 5.6 – Yield,"CACP Price Policy for Rabi Crops, Marketing Season 2026-27",205,
2023-24,Actual,Rabi,Madhya Pradesh,Rapeseed & Mustard,12458,271.4,16.3,October 2023–April 2024,Annex 5.6 – Break-up of Cost of Cultivation,Annex 5.3 – Monthly Average Daily Wage Rates,Annex 5.6 – Yield,"CACP Price Policy for Rabi Crops, Marketing Season 2026-27",210,
2023-24,Actual,Rabi,Madhya Pradesh,Wheat,11276,271.4,37.3,October 2023–April 2024,Annex 5.6 – Break-up of Cost of Cultivation,Annex 5.3 – Monthly Average Daily Wage Rates,Annex 5.6 – Yield,"CACP Price Policy for Rabi Crops, Marketing Season 2026-27",194,
2023-24,Actual,Rabi,Maharashtra,Gram,17665,370,13.6,October 2023–April 2024,Annex 5.6 – Break-up of Cost of Cultivation,Annex 5.3 – Monthly Average Daily Wage Rates,Annex 5.6 – Yield,"CACP Price Policy for Rabi Crops, Marketing Season 2026-27",203,
2023-24,Actual,Rabi,Maharashtra,Wheat,17545,370,30,October 2023–April 2024,Annex 5.6 – Break-up of Cost of Cultivation,Annex 5.3 – Monthly Average Daily Wage Rates,Annex 5.6 – Yield,"CACP Price Policy for Rabi Crops, Marketing Season 2026-27",194,
2023-24,Actual,Rabi,Punjab,Rapeseed & Mustard,16732,425.9,15.6,October 2023–April 2024,Annex 5.6 – Break-up of Cost of Cultivation,Annex 5.3 – Monthly Average Daily Wage Rates,Annex 5.6 – Yield,"CACP Price Policy for Rabi Crops, Marketing Season 2026-27",210,
2023-24,Actual,Rabi,Punjab,Wheat,5349,425.9,51.8,October 2023–April 2024,Annex 5.6 – Break-up of Cost of Cultivation,Annex 5.3 – Monthly Average Daily Wage Rates,Annex 5.6 – Yield,"CACP Price Policy for Rabi Crops, Marketing Season 2026-27",195,
2023-24,Actual,Rabi,Rajasthan,Barley,30501,389.4,40.8,October 2023–April 2024,Annex 5.6 – Break-up of Cost of Cultivation,Annex 5.3 – Monthly Average Daily Wage Rates,Annex 5.6 – Yield,"CACP Price Policy for Rabi Crops, Marketing Season 2026-27",197,
2023-24,Actual,Rabi,Rajasthan,Gram,20675,389.4,11.5,October 2023–April 2024,Annex 5.6 – Break-up of Cost of Cultivation,Annex 5.3 – Monthly Average Daily Wage Rates,Annex 5.6 – Yield,"CACP Price Policy for Rabi Crops, Marketing Season 2026-27",203,
2023-24,Actual,Rabi,Rajasthan,Rapeseed & Mustard,22520,389.4,14.6,October 2023–April 2024,Annex 5.6 – Break-up of Cost of Cultivation,Annex 5.3 – Monthly Average Daily Wage Rates,Annex 5.6 – Yield,"CACP Price Policy for Rabi Crops, Marketing Season 2026-27",211,
2023-24,Actual,Rabi,Rajasthan,Wheat,31508,389.4,40.2,October 2023–April 2024,Annex 5.6 – Break-up of Cost of Cultivation,Annex 5.3 – Monthly Average Daily Wage Rates,Annex 5.6 – Yield,"CACP Price Policy for Rabi Crops, Marketing Season 2026-27",195,
2023-24,Actual,Rabi,Telangana,Gram,11995,,11.6,October 2023–April 2024,Annex 5.6 – Break-up of Cost of Cultivation,Annex 5.3 – Monthly Average Daily Wage Rates,Annex 5.6 – Yield,"CACP Price Policy for Rabi Crops, Marketing Season 2026-27",204,
2023-24,Actual,Rabi,Uttar Pradesh,Barley,21533,357.7,35.4,October 2023–April 2024,Annex 5.6 – Break-up of Cost of Cultivation,Annex 5.3 – Monthly Average Daily Wage Rates,Annex 5.6 – Yield,"CACP Price Policy for Rabi Crops, Marketing Season 2026-27",198,
2023-24,Actual,Rabi,Uttar Pradesh,Gram,19540,357.7,9.2,October 2023–April 2024,Annex 5.6 – Break-up of Cost of Cultivation,Annex 5.3 – Monthly Average Daily Wage Rates,Annex 5.6 – Yield,"CACP Price Policy for Rabi Crops, Marketing Season 2026-27",204,
2023-24,Actual,Rabi,Uttar Pradesh,Lentil (Masur),14378,357.7,8.7,October 2023–April 2024,Annex 5.6 – Break-up of Cost of Cultivation,Annex 5.3 – Monthly Average Daily Wage Rates,Annex 5.6 – Yield,"CACP Price Policy for Rabi Crops, Marketing Season 2026-27",206,
2023-24,Actual,Rabi,Uttar Pradesh,Rapeseed & Mustard,14485,357.7,13.3,October 2023–April 2024,Annex 5.6 – Break-up of Cost of Cultivation,Annex 5.3 – Monthly Average Daily Wage Rates,Annex 5.6 – Yield,"CACP Price Policy for Rabi Crops, Marketing Season 2026-27",211,
2023-24,Actual,Rabi,Uttar Pradesh,Wheat,17126,357.7,38.4,October 2023–April 2024,Annex 5.6 – Break-up of Cost of Cultivation,Annex 5.3 – Monthly Average Daily Wage Rates,Annex 5.6 – Yield,"CACP Price Policy for Rabi Crops, Marketing Season 2026-27",196,
2023-24,Actual,Rabi,West Bengal,Lentil (Masur),22495,369,11.4,October 2023–April 2024,Annex 5.6 – Break-up of Cost of Cultivation,Annex 5.3 – Monthly Average Daily Wage Rates,Annex 5.6 – Yield,"CACP Price Policy for Rabi Crops, Marketing Season 2026-27",206,
2023-24,Actual,Rabi,West Bengal,Rapeseed & Mustard,23730,369,14.1,October 2023–April 2024,Annex 5.6 – Break-up of Cost of Cultivation,Annex 5.3 – Monthly Average Daily Wage Rates,Annex 5.6 – Yield,"CACP Price Policy for Rabi Crops, Marketing Season 2026-27",212,
2023-24,Actual,Rabi,West Bengal,Wheat,15304,369,35.8,October 2023–April 2024,Annex 5.6 – Break-up of Cost of Cultivation,Annex 5.3 – Monthly Average Daily Wage Rates,Annex 5.6 – Yield,"CACP Price Policy for Rabi Crops, Marketing Season 2026-27",196,
2025-26,Projected,Kharif,Andhra Pradesh,Arhar (Tur),,,6.6,,,,Annex 5.5 – Projected Yield,"CACP Price Policy for Kharif Crops, Marketing Season 2025-26",,Projected row contains projected yield only; labour cost and wage are intentionally left blank.
2025-26,Projected,Kharif,Andhra Pradesh,Cotton,,,16.29,,,,Annex 5.5 – Projected Yield,"CACP Price Policy for Kharif Crops, Marketing Season 2025-26",,Projected row contains projected yield only; labour cost and wage are intentionally left blank.
2025-26,Projected,Kharif,Andhra Pradesh,Groundnut,,,11.58,,,,Annex 5.5 – Projected Yield,"CACP Price Policy for Kharif Crops, Marketing Season 2025-26",,Projected row contains projected yield only; labour cost and wage are intentionally left blank.
2025-26,Projected,Kharif,Andhra Pradesh,Jowar,,,49.42,,,,Annex 5.5 – Projected Yield,"CACP Price Policy for Kharif Crops, Marketing Season 2025-26",,Projected row contains projected yield only; labour cost and wage are intentionally left blank.
2025-26,Projected,Kharif,Andhra Pradesh,Maize,,,74.13,,,,Annex 5.5 – Projected Yield,"CACP Price Policy for Kharif Crops, Marketing Season 2025-26",,Projected row contains projected yield only; labour cost and wage are intentionally left blank.
2025-26,Projected,Kharif,Andhra Pradesh,Moong,,,7.52,,,,Annex 5.5 – Projected Yield,"CACP Price Policy for Kharif Crops, Marketing Season 2025-26",,Projected row contains projected yield only; labour cost and wage are intentionally left blank.
2025-26,Projected,Kharif,Andhra Pradesh,Paddy,,,60.18,,,,Annex 5.5 – Projected Yield,"CACP Price Policy for Kharif Crops, Marketing Season 2025-26",,Projected row contains projected yield only; labour cost and wage are intentionally left blank.
2025-26,Projected,Kharif,Andhra Pradesh,Sesamum,,,3.51,,,,Annex 5.5 – Projected Yield,"CACP Price Policy for Kharif Crops, Marketing Season 2025-26",,Projected row contains projected yield only; labour cost and wage are intentionally left blank.
2025-26,Projected,Kharif,Andhra Pradesh,Sunflower,,,11.35,,,,Annex 5.5 – Projected Yield,"CACP Price Policy for Kharif Crops, Marketing Season 2025-26",,Projected row contains projected yield only; labour cost and wage are intentionally left blank.
2025-26,Projected,Kharif,Andhra Pradesh,Urad,,,10.78,,,,Annex 5.5 – Projected Yield,"CACP Price Policy for Kharif Crops, Marketing Season 2025-26",,Projected row contains projected yield only; labour cost and wage are intentionally left blank.
2025-26,Projected,Kharif,Assam,Paddy,,,36.9,,,,Annex 5.5 – Projected Yield,"CACP Price Policy for Kharif Crops, Marketing Season 2025-26",,Projected row contains projected yield only; labour cost and wage are intentionally left blank.
2025-26,Projected,Kharif,Bihar,Maize,,,45.4,,,,Annex 5.5 – Projected Yield,"CACP Price Policy for Kharif Crops, Marketing Season 2025-26",,Projected row contains projected yield only; labour cost and wage are intentionally left blank.
2025-26,Projected,Kharif,Bihar,Paddy,,,30.32,,,,Annex 5.5 – Projected Yield,"CACP Price Policy for Kharif Crops, Marketing Season 2025-26",,Projected row contains projected yield only; labour cost and wage are intentionally left blank.
2025-26,Projected,Kharif,Chhattisgarh,Paddy,,,42.72,,,,Annex 5.5 – Projected Yield,"CACP Price Policy for Kharif Crops, Marketing Season 2025-26",,Projected row contains projected yield only; labour cost and wage are intentionally left blank.
2025-26,Projected,Kharif,Gujarat,Arhar (Tur),,,9.41,,,,Annex 5.5 – Projected Yield,"CACP Price Policy for Kharif Crops, Marketing Season 2025-26",,Projected row contains projected yield only; labour cost and wage are intentionally left blank.
2025-26,Projected,Kharif,Gujarat,Bajra,,,30.35,,,,Annex 5.5 – Projected Yield,"CACP Price Policy for Kharif Crops, Marketing Season 2025-26",,Projected row contains projected yield only; labour cost and wage are intentionally left blank.
2025-26,Projected,Kharif,Gujarat,Cotton,,,16.68,,,,Annex 5.5 – Projected Yield,"CACP Price Policy for Kharif Crops, Marketing Season 2025-26",,Projected row contains projected yield only; labour cost and wage are intentionally left blank.
2025-26,Projected,Kharif,Gujarat,Groundnut,,,17.69,,,,Annex 5.5 – Projected Yield,"CACP Price Policy for Kharif Crops, Marketing Season 2025-26",,Projected row contains projected yield only; labour cost and wage are intentionally left blank.
2025-26,Projected,Kharif,Gujarat,Maize,,,22.21,,,,Annex 5.5 – Projected Yield,"CACP Price Policy for Kharif Crops, Marketing Season 2025-26",,Projected row contains projected yield only; labour cost and wage are intentionally left blank.
2025-26,Projected,Kharif,Gujarat,Moong,,,6.05,,,,Annex 5.5 – Projected Yield,"CACP Price Policy for Kharif Crops, Marketing Season 2025-26",,Projected row contains projected yield only; labour cost and wage are intentionally left blank.
2025-26,Projected,Kharif,Gujarat,Paddy,,,40.22,,,,Annex 5.5 – Projected Yield,"CACP Price Policy for Kharif Crops, Marketing Season 2025-26",,Projected row contains projected yield only; labour cost and wage are intentionally left blank.
2025-26,Projected,Kharif,Gujarat,Sesamum,,,5.28,,,,Annex 5.5 – Projected Yield,"CACP Price Policy for Kharif Crops, Marketing Season 2025-26",,Projected row contains projected yield only; labour cost and wage are intentionally left blank.
2025-26,Projected,Kharif,Gujarat,Soybean,,,15.66,,,,Annex 5.5 – Projected Yield,"CACP Price Policy for Kharif Crops, Marketing Season 2025-26",,Projected row contains projected yield only; labour cost and wage are intentionally left blank.
2025-26,Projected,Kharif,Gujarat,Urad,,,4.72,,,,Annex 5.5 – Projected Yield,"CACP Price Policy for Kharif Crops, Marketing Season 2025-26",,Projected row contains projected yield only; labour cost and wage are intentionally left blank.
2025-26,Projected,Kharif,Haryana,Bajra,,,22.48,,,,Annex 5.5 – Projected Yield,"CACP Price Policy for Kharif Crops, Marketing Season 2025-26",,Projected row contains projected yield only; labour cost and wage are intentionally left blank.
2025-26,Projected,Kharif,Haryana,Cotton,,,12.26,,,,Annex 5.5 – Projected Yield,"CACP Price Policy for Kharif Crops, Marketing Season 2025-26",,Projected row contains projected yield only; labour cost and wage are intentionally left blank.
2025-26,Projected,Kharif,Haryana,Paddy,,,53.38,,,,Annex 5.5 – Projected Yield,"CACP Price Policy for Kharif Crops, Marketing Season 2025-26",,Projected row contains projected yield only; labour cost and wage are intentionally left blank.
2025-26,Projected,Kharif,Himachal Pradesh,Maize,,,19.01,,,,Annex 5.5 – Projected Yield,"CACP Price Policy for Kharif Crops, Marketing Season 2025-26",,Projected row contains projected yield only; labour cost and wage are intentionally left blank.
2025-26,Projected,Kharif,Himachal Pradesh,Paddy,,,28.38,,,,Annex 5.5 – Projected Yield,"CACP Price Policy for Kharif Crops, Marketing Season 2025-26",,Projected row contains projected yield only; labour cost and wage are intentionally left blank.
2025-26,Projected,Kharif,Jharkhand,Paddy,,,27.05,,,,Annex 5.5 – Projected Yield,"CACP Price Policy for Kharif Crops, Marketing Season 2025-26",,Projected row contains projected yield only; labour cost and wage are intentionally left blank.
2025-26,Projected,Kharif,Karnataka,Arhar (Tur),,,7.2,,,,Annex 5.5 – Projected Yield,"CACP Price Policy for Kharif Crops, Marketing Season 2025-26",,Projected row contains projected yield only; labour cost and wage are intentionally left blank.
2025-26,Projected,Kharif,Karnataka,Cotton,,,13.11,,,,Annex 5.5 – Projected Yield,"CACP Price Policy for Kharif Crops, Marketing Season 2025-26",,Projected row contains projected yield only; labour cost and wage are intentionally left blank.
2025-26,Projected,Kharif,Karnataka,Groundnut,,,10.96,,,,Annex 5.5 – Projected Yield,"CACP Price Policy for Kharif Crops, Marketing Season 2025-26",,Projected row contains projected yield only; labour cost and wage are intentionally left blank.
2025-26,Projected,Kharif,Karnataka,Jowar,,,11.11,,,,Annex 5.5 – Projected Yield,"CACP Price Policy for Kharif Crops, Marketing Season 2025-26",,Projected row contains projected yield only; labour cost and wage are intentionally left blank.
2025-26,Projected,Kharif,Karnataka,Maize,,,34.82,,,,Annex 5.5 – Projected Yield,"CACP Price Policy for Kharif Crops, Marketing Season 2025-26",,Projected row contains projected yield only; labour cost and wage are intentionally left blank.
2025-26,Projected,Kharif,Karnataka,Moong,,,5.26,,,,Annex 5.5 – Projected Yield,"CACP Price Policy for Kharif Crops, Marketing Season 2025-26",,Projected row contains projected yield only; labour cost and wage are intentionally left blank.
2025-26,Projected,Kharif,Karnataka,Paddy,,,49.02,,,,Annex 5.5 – Projected Yield,"CACP Price Policy for Kharif Crops, Marketing Season 2025-26",,Projected row contains projected yield only; labour cost and wage are intentionally left blank.
2025-26,Projected,Kharif,Karnataka,Ragi,,,14.96,,,,Annex 5.5 – Projected Yield,"CACP Price Policy for Kharif Crops, Marketing Season 2025-26",,Projected row contains projected yield only; labour cost and wage are intentionally left blank.
2025-26,Projected,Kharif,Karnataka,Soybean,,,14.53,,,,Annex 5.5 – Projected Yield,"CACP Price Policy for Kharif Crops, Marketing Season 2025-26",,Projected row contains projected yield only; labour cost and wage are intentionally left blank.
2025-26,Projected,Kharif,Karnataka,Sunflower,,,9.21,,,,Annex 5.5 – Projected Yield,"CACP Price Policy for Kharif Crops, Marketing Season 2025-26",,Projected row contains projected yield only; labour cost and wage are intentionally left blank.
2025-26,Projected,Kharif,Karnataka,Urad,,,5.1,,,,Annex 5.5 – Projected Yield,"CACP Price Policy for Kharif Crops, Marketing Season 2025-26",,Projected row contains projected yield only; labour cost and wage are intentionally left blank.
2025-26,Projected,Kharif,Kerala,Paddy,,,37.41,,,,Annex 5.5 – Projected Yield,"CACP Price Policy for Kharif Crops, Marketing Season 2025-26",,Projected row contains projected yield only; labour cost and wage are intentionally left blank.
2025-26,Projected,Kharif,Madhya Pradesh,Cotton,,,15.96,,,,Annex 5.5 – Projected Yield,"CACP Price Policy for Kharif Crops, Marketing Season 2025-26",,Projected row contains projected yield only; labour cost and wage are intentionally left blank.
2025-26,Projected,Kharif,Madhya Pradesh,Maize,,,32.44,,,,Annex 5.5 – Projected Yield,"CACP Price Policy for Kharif Crops, Marketing Season 2025-26",,Projected row contains projected yield only; labour cost and wage are intentionally left blank.
2025-26,Projected,Kharif,Madhya Pradesh,Paddy,,,43.12,,,,Annex 5.5 – Projected Yield,"CACP Price Policy for Kharif Crops, Marketing Season 2025-26",,Projected row contains projected yield only; labour cost and wage are intentionally left blank.
2025-26,Projected,Kharif,Madhya Pradesh,Sesamum,,,5.58,,,,Annex 5.5 – Projected Yield,"CACP Price Policy for Kharif Crops, Marketing Season 2025-26",,Projected row contains projected yield only; labour cost and wage are intentionally left blank.
2025-26,Projected,Kharif,Madhya Pradesh,Soybean,,,11.24,,,,Annex 5.5 – Projected Yield,"CACP Price Policy for Kharif Crops, Marketing Season 2025-26",,Projected row contains projected yield only; labour cost and wage are intentionally left blank.
2025-26,Projected,Kharif,Madhya Pradesh,Urad,,,6.49,,,,Annex 5.5 – Projected Yield,"CACP Price Policy for Kharif Crops, Marketing Season 2025-26",,Projected row contains projected yield only; labour cost and wage are intentionally left blank.
2025-26,Projected,Kharif,Maharashtra,Arhar (Tur),,,18.15,,,,Annex 5.5 – Projected Yield,"CACP Price Policy for Kharif Crops, Marketing Season 2025-26",,Projected row contains projected yield only; labour cost and wage are intentionally left blank.
2025-26,Projected,Kharif,Maharashtra,Bajra,,,24.64,,,,Annex 5.5 – Projected Yield,"CACP Price Policy for Kharif Crops, Marketing Season 2025-26",,Projected row contains projected yield only; labour cost and wage are intentionally left blank.
2025-26,Projected,Kharif,Maharashtra,Cotton,,,14.2,,,,Annex 5.5 – Projected Yield,"CACP Price Policy for Kharif Crops, Marketing Season 2025-26",,Projected row contains projected yield only; labour cost and wage are intentionally left blank.
2025-26,Projected,Kharif,Maharashtra,Groundnut,,,11.9,,,,Annex 5.5 – Projected Yield,"CACP Price Policy for Kharif Crops, Marketing Season 2025-26",,Projected row contains projected yield only; labour cost and wage are intentionally left blank.
2025-26,Projected,Kharif,Maharashtra,Jowar,,,11.88,,,,Annex 5.5 – Projected Yield,"CACP Price Policy for Kharif Crops, Marketing Season 2025-26",,Projected row contains projected yield only; labour cost and wage are intentionally left blank.
2025-26,Projected,Kharif,Maharashtra,Maize,,,57.52,,,,Annex 5.5 – Projected Yield,"CACP Price Policy for Kharif Crops, Marketing Season 2025-26",,Projected row contains projected yield only; labour cost and wage are intentionally left blank.
2025-26,Projected,Kharif,Maharashtra,Moong,,,7.96,,,,Annex 5.5 – Projected Yield,"CACP Price Policy for Kharif Crops, Marketing Season 2025-26",,Projected row contains projected yield only; labour cost and wage are intentionally left blank.
2025-26,Projected,Kharif,Maharashtra,Paddy,,,21.07,,,,Annex 5.5 – Projected Yield,"CACP Price Policy for Kharif Crops, Marketing Season 2025-26",,Projected row contains projected yield only; labour cost and wage are intentionally left blank.
2025-26,Projected,Kharif,Maharashtra,Soybean,,,15.86,,,,Annex 5.5 – Projected Yield,"CACP Price Policy for Kharif Crops, Marketing Season 2025-26",,Projected row contains projected yield only; labour cost and wage are intentionally left blank.
2025-26,Projected,Kharif,Maharashtra,Urad,,,7.06,,,,Annex 5.5 – Projected Yield,"CACP Price Policy for Kharif Crops, Marketing Season 2025-26",,Projected row contains projected yield only; labour cost and wage are intentionally left blank.
2025-26,Projected,Kharif,Odisha,Arhar (Tur),,,4.14,,,,Annex 5.5 – Projected Yield,"CACP Price Policy for Kharif Crops, Marketing Season 2025-26",,Projected row contains projected yield only; labour cost and wage are intentionally left blank.
2025-26,Projected,Kharif,Odisha,Cotton,,,14.34,,,,Annex 5.5 – Projected Yield,"CACP Price Policy for Kharif Crops, Marketing Season 2025-26",,Projected row contains projected yield only; labour cost and wage are intentionally left blank.
2025-26,Projected,Kharif,Odisha,Groundnut,,,8.42,,,,Annex 5.5 – Projected Yield,"CACP Price Policy for Kharif Crops, Marketing Season 2025-26",,Projected row contains projected yield only; labour cost and wage are intentionally left blank.
2025-26,Projected,Kharif,Odisha,Moong,,,4.1,,,,Annex 5.5 – Projected Yield,"CACP Price Policy for Kharif Crops, Marketing Season 2025-26",,Projected row contains projected yield only; labour cost and wage are intentionally left blank.
2025-26,Projected,Kharif,Odisha,Nigerseed,,,3.72,,,,Annex 5.5 – Projected Yield,"CACP Price Policy for Kharif Crops, Marketing Season 2025-26",,Projected row contains projected yield only; labour cost and wage are intentionally left blank.
2025-26,Projected,Kharif,Odisha,Paddy,,,42.6,,,,Annex 5.5 – Projected Yield,"CACP Price Policy for Kharif Crops, Marketing Season 2025-26",,Projected row contains projected yield only; labour cost and wage are intentionally left blank.
2025-26,Projected,Kharif,Odisha,Ragi,,,9.36,,,,Annex 5.5 – Projected Yield,"CACP Price Policy for Kharif Crops, Marketing Season 2025-26",,Projected row contains projected yield only; labour cost and wage are intentionally left blank.
2025-26,Projected,Kharif,Odisha,Urad,,,3.68,,,,Annex 5.5 – Projected Yield,"CACP Price Policy for Kharif Crops, Marketing Season 2025-26",,Projected row contains projected yield only; labour cost and wage are intentionally left blank.
2025-26,Projected,Kharif,Punjab,Cotton,,,18.48,,,,Annex 5.5 – Projected Yield,"CACP Price Policy for Kharif Crops, Marketing Season 2025-26",,Projected row contains projected yield only; labour cost and wage are intentionally left blank.
2025-26,Projected,Kharif,Punjab,Maize,,,35.16,,,,Annex 5.5 – Projected Yield,"CACP Price Policy for Kharif Crops, Marketing Season 2025-26",,Projected row contains projected yield only; labour cost and wage are intentionally left blank.
2025-26,Projected,Kharif,Punjab,Paddy,,,71.1,,,,Annex 5.5 – Projected Yield,"CACP Price Policy for Kharif Crops, Marketing Season 2025-26",,Projected row contains projected yield only; labour cost and wage are intentionally left blank.
2025-26,Projected,Kharif,Rajasthan,Bajra,,,11.53,,,,Annex 5.5 – Projected Yield,"CACP Price Policy for Kharif Crops, Marketing Season 2025-26",,Projected row contains projected yield only; labour cost and wage are intentionally left blank.
2025-26,Projected,Kharif,Rajasthan,Cotton,,,18,,,,Annex 5.5 – Projected Yield,"CACP Price Policy for Kharif Crops, Marketing Season 2025-26",,Projected row contains projected yield only; labour cost and wage are intentionally left blank.
2025-26,Projected,Kharif,Rajasthan,Groundnut,,,25.78,,,,Annex 5.5 – Projected Yield,"CACP Price Policy for Kharif Crops, Marketing Season 2025-26",,Projected row contains projected yield only; labour cost and wage are intentionally left blank.
2025-26,Projected,Kharif,Rajasthan,Jowar,,,10.57,,,,Annex 5.5 – Projected Yield,"CACP Price Policy for Kharif Crops, Marketing Season 2025-26",,Projected row contains projected yield only; labour cost and wage are intentionally left blank.
2025-26,Projected,Kharif,Rajasthan,Maize,,,23.19,,,,Annex 5.5 – Projected Yield,"CACP Price Policy for Kharif Crops, Marketing Season 2025-26",,Projected row contains projected yield only; labour cost and wage are intentionally left blank.
2025-26,Projected,Kharif,Rajasthan,Moong,,,4.96,,,,Annex 5.5 – Projected Yield,"CACP Price Policy for Kharif Crops, Marketing Season 2025-26",,Projected row contains projected yield only; labour cost and wage are intentionally left blank.
2025-26,Projected,Kharif,Rajasthan,Sesamum,,,3.22,,,,Annex 5.5 – Projected Yield,"CACP Price Policy for Kharif Crops, Marketing Season 2025-26",,Projected row contains projected yield only; labour cost and wage are intentionally left blank.
2025-26,Projected,Kharif,Rajasthan,Soybean,,,10.82,,,,Annex 5.5 – Projected Yield,"CACP Price Policy for Kharif Crops, Marketing Season 2025-26",,Projected row contains projected yield only; labour cost and wage are intentionally left blank.
2025-26,Projected,Kharif,Rajasthan,Urad,,,5.19,,,,Annex 5.5 – Projected Yield,"CACP Price Policy for Kharif Crops, Marketing Season 2025-26",,Projected row contains projected yield only; labour cost and wage are intentionally left blank.
2025-26,Projected,Kharif,Tamil Nadu,Cotton,,,19.12,,,,Annex 5.5 – Projected Yield,"CACP Price Policy for Kharif Crops, Marketing Season 2025-26",,Projected row contains projected yield only; labour cost and wage are intentionally left blank.
2025-26,Projected,Kharif,Tamil Nadu,Groundnut,,,15.82,,,,Annex 5.5 – Projected Yield,"CACP Price Policy for Kharif Crops, Marketing Season 2025-26",,Projected row contains projected yield only; labour cost and wage are intentionally left blank.
2025-26,Projected,Kharif,Tamil Nadu,Jowar,,,22.3,,,,Annex 5.5 – Projected Yield,"CACP Price Policy for Kharif Crops, Marketing Season 2025-26",,Projected row contains projected yield only; labour cost and wage are intentionally left blank.
2025-26,Projected,Kharif,Tamil Nadu,Maize,,,47.28,,,,Annex 5.5 – Projected Yield,"CACP Price Policy for Kharif Crops, Marketing Season 2025-26",,Projected row contains projected yield only; labour cost and wage are intentionally left blank.
2025-26,Projected,Kharif,Tamil Nadu,Moong,,,4.1,,,,Annex 5.5 – Projected Yield,"CACP Price Policy for Kharif Crops, Marketing Season 2025-26",,Projected row contains projected yield only; labour cost and wage are intentionally left blank.
2025-26,Projected,Kharif,Tamil Nadu,Paddy,,,46.2,,,,Annex 5.5 – Projected Yield,"CACP Price Policy for Kharif Crops, Marketing Season 2025-26",,Projected row contains projected yield only; labour cost and wage are intentionally left blank.
2025-26,Projected,Kharif,Tamil Nadu,Urad,,,6.84,,,,Annex 5.5 – Projected Yield,"CACP Price Policy for Kharif Crops, Marketing Season 2025-26",,Projected row contains projected yield only; labour cost and wage are intentionally left blank.
2025-26,Projected,Kharif,Telangana,Arhar (Tur),,,7.16,,,,Annex 5.5 – Projected Yield,"CACP Price Policy for Kharif Crops, Marketing Season 2025-26",,Projected row contains projected yield only; labour cost and wage are intentionally left blank.
2025-26,Projected,Kharif,Telangana,Cotton,,,16.91,,,,Annex 5.5 – Projected Yield,"CACP Price Policy for Kharif Crops, Marketing Season 2025-26",,Projected row contains projected yield only; labour cost and wage are intentionally left blank.
2025-26,Projected,Kharif,Telangana,Groundnut,,,19.13,,,,Annex 5.5 – Projected Yield,"CACP Price Policy for Kharif Crops, Marketing Season 2025-26",,Projected row contains projected yield only; labour cost and wage are intentionally left blank.
2025-26,Projected,Kharif,Telangana,Maize,,,57.36,,,,Annex 5.5 – Projected Yield,"CACP Price Policy for Kharif Crops, Marketing Season 2025-26",,Projected row contains projected yield only; labour cost and wage are intentionally left blank.
2025-26,Projected,Kharif,Telangana,Paddy,,,53.83,,,,Annex 5.5 – Projected Yield,"CACP Price Policy for Kharif Crops, Marketing Season 2025-26",,Projected row contains projected yield only; labour cost and wage are intentionally left blank.
2025-26,Projected,Kharif,Telangana,Soybean,,,16.09,,,,Annex 5.5 – Projected Yield,"CACP Price Policy for Kharif Crops, Marketing Season 2025-26",,Projected row contains projected yield only; labour cost and wage are intentionally left blank.
2025-26,Projected,Kharif,Uttar Pradesh,Arhar (Tur),,,9.43,,,,Annex 5.5 – Projected Yield,"CACP Price Policy for Kharif Crops, Marketing Season 2025-26",,Projected row contains projected yield only; labour cost and wage are intentionally left blank.
2025-26,Projected,Kharif,Uttar Pradesh,Bajra,,,19.68,,,,Annex 5.5 – Projected Yield,"CACP Price Policy for Kharif Crops, Marketing Season 2025-26",,Projected row contains projected yield only; labour cost and wage are intentionally left blank.
2025-26,Projected,Kharif,Uttar Pradesh,Groundnut,,,12.06,,,,Annex 5.5 – Projected Yield,"CACP Price Policy for Kharif Crops, Marketing Season 2025-26",,Projected row contains projected yield only; labour cost and wage are intentionally left blank.
2025-26,Projected,Kharif,Uttar Pradesh,Maize,,,26.66,,,,Annex 5.5 – Projected Yield,"CACP Price Policy for Kharif Crops, Marketing Season 2025-26",,Projected row contains projected yield only; labour cost and wage are intentionally left blank.
2025-26,Projected,Kharif,Uttar Pradesh,Moong,,,6.06,,,,Annex 5.5 – Projected Yield,"CACP Price Policy for Kharif Crops, Marketing Season 2025-26",,Projected row contains projected yield only; labour cost and wage are intentionally left blank.
2025-26,Projected,Kharif,Uttar Pradesh,Paddy,,,36.5,,,,Annex 5.5 – Projected Yield,"CACP Price Policy for Kharif Crops, Marketing Season 2025-26",,Projected row contains projected yield only; labour cost and wage are intentionally left blank.
2025-26,Projected,Kharif,Uttar Pradesh,Sesamum,,,2.52,,,,Annex 5.5 – Projected Yield,"CACP Price Policy for Kharif Crops, Marketing Season 2025-26",,Projected row contains projected yield only; labour cost and wage are intentionally left blank.
2025-26,Projected,Kharif,Uttar Pradesh,Urad,,,5.44,,,,Annex 5.5 – Projected Yield,"CACP Price Policy for Kharif Crops, Marketing Season 2025-26",,Projected row contains projected yield only; labour cost and wage are intentionally left blank.
2025-26,Projected,Kharif,West Bengal,Groundnut,,,33.83,,,,Annex 5.5 – Projected Yield,"CACP Price Policy for Kharif Crops, Marketing Season 2025-26",,Projected row contains projected yield only; labour cost and wage are intentionally left blank.
2025-26,Projected,Kharif,West Bengal,Paddy,,,44.26,,,,Annex 5.5 – Projected Yield,"CACP Price Policy for Kharif Crops, Marketing Season 2025-26",,Projected row contains projected yield only; labour cost and wage are intentionally left blank.
2025-26,Projected,Kharif,West Bengal,Sesamum,,,11.41,,,,Annex 5.5 – Projected Yield,"CACP Price Policy for Kharif Crops, Marketing Season 2025-26",,Projected row contains projected yield only; labour cost and wage are intentionally left blank.
2026-27,Projected,Rabi,Andhra Pradesh,Gram,,,16.3,,,,Annex 5.5 – Projected Yield,"CACP Price Policy for Rabi Crops, Marketing Season 2026-27",,Projected row contains projected yield only; labour cost and wage are intentionally left blank.
2026-27,Projected,Rabi,Assam,Rapeseed & Mustard,,,9.7,,,,Annex 5.5 – Projected Yield,"CACP Price Policy for Rabi Crops, Marketing Season 2026-27",,Projected row contains projected yield only; labour cost and wage are intentionally left blank.
2026-27,Projected,Rabi,Bihar,Gram,,,13.8,,,,Annex 5.5 – Projected Yield,"CACP Price Policy for Rabi Crops, Marketing Season 2026-27",,Projected row contains projected yield only; labour cost and wage are intentionally left blank.
2026-27,Projected,Rabi,Bihar,Lentil,,,10.1,,,,Annex 5.5 – Projected Yield,"CACP Price Policy for Rabi Crops, Marketing Season 2026-27",,Projected row contains projected yield only; labour cost and wage are intentionally left blank.
2026-27,Projected,Rabi,Bihar,Rapeseed & Mustard,,,10.2,,,,Annex 5.5 – Projected Yield,"CACP Price Policy for Rabi Crops, Marketing Season 2026-27",,Projected row contains projected yield only; labour cost and wage are intentionally left blank.
2026-27,Projected,Rabi,Bihar,Wheat,,,29.7,,,,Annex 5.5 – Projected Yield,"CACP Price Policy for Rabi Crops, Marketing Season 2026-27",,Projected row contains projected yield only; labour cost and wage are intentionally left blank.
2026-27,Projected,Rabi,Chhattisgarh,Gram,,,14.1,,,,Annex 5.5 – Projected Yield,"CACP Price Policy for Rabi Crops, Marketing Season 2026-27",,Projected row contains projected yield only; labour cost and wage are intentionally left blank.
2026-27,Projected,Rabi,Chhattisgarh,Wheat,,,25.9,,,,Annex 5.5 – Projected Yield,"CACP Price Policy for Rabi Crops, Marketing Season 2026-27",,Projected row contains projected yield only; labour cost and wage are intentionally left blank.
2026-27,Projected,Rabi,Gujarat,Gram,,,14.8,,,,Annex 5.5 – Projected Yield,"CACP Price Policy for Rabi Crops, Marketing Season 2026-27",,Projected row contains projected yield only; labour cost and wage are intentionally left blank.
2026-27,Projected,Rabi,Gujarat,Rapeseed & Mustard,,,20.5,,,,Annex 5.5 – Projected Yield,"CACP Price Policy for Rabi Crops, Marketing Season 2026-27",,Projected row contains projected yield only; labour cost and wage are intentionally left blank.
2026-27,Projected,Rabi,Gujarat,Wheat,,,34.1,,,,Annex 5.5 – Projected Yield,"CACP Price Policy for Rabi Crops, Marketing Season 2026-27",,Projected row contains projected yield only; labour cost and wage are intentionally left blank.
2026-27,Projected,Rabi,Haryana,Gram,,,8.8,,,,Annex 5.5 – Projected Yield,"CACP Price Policy for Rabi Crops, Marketing Season 2026-27",,Projected row contains projected yield only; labour cost and wage are intentionally left blank.
2026-27,Projected,Rabi,Haryana,Rapeseed & Mustard,,,17.8,,,,Annex 5.5 – Projected Yield,"CACP Price Policy for Rabi Crops, Marketing Season 2026-27",,Projected row contains projected yield only; labour cost and wage are intentionally left blank.
2026-27,Projected,Rabi,Haryana,Wheat,,,46,,,,Annex 5.5 – Projected Yield,"CACP Price Policy for Rabi Crops, Marketing Season 2026-27",,Projected row contains projected yield only; labour cost and wage are intentionally left blank.
2026-27,Projected,Rabi,Himachal Pradesh,Barley,,,17,,,,Annex 5.5 – Projected Yield,"CACP Price Policy for Rabi Crops, Marketing Season 2026-27",,Projected row contains projected yield only; labour cost and wage are intentionally left blank.
2026-27,Projected,Rabi,Himachal Pradesh,Rapeseed & Mustard,,,8.1,,,,Annex 5.5 – Projected Yield,"CACP Price Policy for Rabi Crops, Marketing Season 2026-27",,Projected row contains projected yield only; labour cost and wage are intentionally left blank.
2026-27,Projected,Rabi,Himachal Pradesh,Wheat,,,20.9,,,,Annex 5.5 – Projected Yield,"CACP Price Policy for Rabi Crops, Marketing Season 2026-27",,Projected row contains projected yield only; labour cost and wage are intentionally left blank.
2026-27,Projected,Rabi,Jharkhand,Gram,,,11.8,,,,Annex 5.5 – Projected Yield,"CACP Price Policy for Rabi Crops, Marketing Season 2026-27",,Projected row contains projected yield only; labour cost and wage are intentionally left blank.
2026-27,Projected,Rabi,Jharkhand,Rapeseed & Mustard,,,8.2,,,,Annex 5.5 – Projected Yield,"CACP Price Policy for Rabi Crops, Marketing Season 2026-27",,Projected row contains projected yield only; labour cost and wage are intentionally left blank.
2026-27,Projected,Rabi,Jharkhand,Wheat,,,26,,,,Annex 5.5 – Projected Yield,"CACP Price Policy for Rabi Crops, Marketing Season 2026-27",,Projected row contains projected yield only; labour cost and wage are intentionally left blank.
2026-27,Projected,Rabi,Karnataka,Gram,,,9.4,,,,Annex 5.5 – Projected Yield,"CACP Price Policy for Rabi Crops, Marketing Season 2026-27",,Projected row contains projected yield only; labour cost and wage are intentionally left blank.
2026-27,Projected,Rabi,Karnataka,Safflower,,,5.8,,,,Annex 5.5 – Projected Yield,"CACP Price Policy for Rabi Crops, Marketing Season 2026-27",,Projected row contains projected yield only; labour cost and wage are intentionally left blank.
2026-27,Projected,Rabi,Madhya Pradesh,Gram,,,12.5,,,,Annex 5.5 – Projected Yield,"CACP Price Policy for Rabi Crops, Marketing Season 2026-27",,Projected row contains projected yield only; labour cost and wage are intentionally left blank.
2026-27,Projected,Rabi,Madhya Pradesh,Lentil,,,10.7,,,,Annex 5.5 – Projected Yield,"CACP Price Policy for Rabi Crops, Marketing Season 2026-27",,Projected row contains projected yield only; labour cost and wage are intentionally left blank.
2026-27,Projected,Rabi,Madhya Pradesh,Rapeseed & Mustard,,,16.1,,,,Annex 5.5 – Projected Yield,"CACP Price Policy for Rabi Crops, Marketing Season 2026-27",,Projected row contains projected yield only; labour cost and wage are intentionally left blank.
2026-27,Projected,Rabi,Madhya Pradesh,Wheat,,,39.1,,,,Annex 5.5 – Projected Yield,"CACP Price Policy for Rabi Crops, Marketing Season 2026-27",,Projected row contains projected yield only; labour cost and wage are intentionally left blank.
2026-27,Projected,Rabi,Maharashtra,Gram,,,14.2,,,,Annex 5.5 – Projected Yield,"CACP Price Policy for Rabi Crops, Marketing Season 2026-27",,Projected row contains projected yield only; labour cost and wage are intentionally left blank.
2026-27,Projected,Rabi,Maharashtra,Wheat,,,29.1,,,,Annex 5.5 – Projected Yield,"CACP Price Policy for Rabi Crops, Marketing Season 2026-27",,Projected row contains projected yield only; labour cost and wage are intentionally left blank.
2026-27,Projected,Rabi,Punjab,Rapeseed & Mustard,,,15.3,,,,Annex 5.5 – Projected Yield,"CACP Price Policy for Rabi Crops, Marketing Season 2026-27",,Projected row contains projected yield only; labour cost and wage are intentionally left blank.
2026-27,Projected,Rabi,Punjab,Wheat,,,47.4,,,,Annex 5.5 – Projected Yield,"CACP Price Policy for Rabi Crops, Marketing Season 2026-27",,Projected row contains projected yield only; labour cost and wage are intentionally left blank.
2026-27,Projected,Rabi,Rajasthan,Barley,,,38.1,,,,Annex 5.5 – Projected Yield,"CACP Price Policy for Rabi Crops, Marketing Season 2026-27",,Projected row contains projected yield only; labour cost and wage are intentionally left blank.
2026-27,Projected,Rabi,Rajasthan,Gram,,,12,,,,Annex 5.5 – Projected Yield,"CACP Price Policy for Rabi Crops, Marketing Season 2026-27",,Projected row contains projected yield only; labour cost and wage are intentionally left blank.
2026-27,Projected,Rabi,Rajasthan,Rapeseed & Mustard,,,15.3,,,,Annex 5.5 – Projected Yield,"CACP Price Policy for Rabi Crops, Marketing Season 2026-27",,Projected row contains projected yield only; labour cost and wage are intentionally left blank.
2026-27,Projected,Rabi,Rajasthan,Wheat,,,40.2,,,,Annex 5.5 – Projected Yield,"CACP Price Policy for Rabi Crops, Marketing Season 2026-27",,Projected row contains projected yield only; labour cost and wage are intentionally left blank.
2026-27,Projected,Rabi,Telangana,Gram,,,11.4,,,,Annex 5.5 – Projected Yield,"CACP Price Policy for Rabi Crops, Marketing Season 2026-27",,Projected row contains projected yield only; labour cost and wage are intentionally left blank.
2026-27,Projected,Rabi,Uttar Pradesh,Barley,,,34.6,,,,Annex 5.5 – Projected Yield,"CACP Price Policy for Rabi Crops, Marketing Season 2026-27",,Projected row contains projected yield only; labour cost and wage are intentionally left blank.
2026-27,Projected,Rabi,Uttar Pradesh,Gram,,,9.2,,,,Annex 5.5 – Projected Yield,"CACP Price Policy for Rabi Crops, Marketing Season 2026-27",,Projected row contains projected yield only; labour cost and wage are intentionally left blank.
2026-27,Projected,Rabi,Uttar Pradesh,Lentil,,,9,,,,Annex 5.5 – Projected Yield,"CACP Price Policy for Rabi Crops, Marketing Season 2026-27",,Projected row contains projected yield only; labour cost and wage are intentionally left blank.
2026-27,Projected,Rabi,Uttar Pradesh,Rapeseed & Mustard,,,13.9,,,,Annex 5.5 – Projected Yield,"CACP Price Policy for Rabi Crops, Marketing Season 2026-27",,Projected row contains projected yield only; labour cost and wage are intentionally left blank.
2026-27,Projected,Rabi,Uttar Pradesh,Wheat,,,36.8,,,,Annex 5.5 – Projected Yield,"CACP Price Policy for Rabi Crops, Marketing Season 2026-27",,Projected row contains projected yield only; labour cost and wage are intentionally left blank.
2026-27,Projected,Rabi,West Bengal,Lentil,,,11.2,,,,Annex 5.5 – Projected Yield,"CACP Price Policy for Rabi Crops, Marketing Season 2026-27",,Projected row contains projected yield only; labour cost and wage are intentionally left blank.
2026-27,Projected,Rabi,West Bengal,Rapeseed & Mustard,,,13.2,,,,Annex 5.5 – Projected Yield,"CACP Price Policy for Rabi Crops, Marketing Season 2026-27",,Projected row contains projected yield only; labour cost and wage are intentionally left blank.
2026-27,Projected,Rabi,West Bengal,Wheat,,,33.1,,,,Annex 5.5 – Projected Yield,"CACP Price Policy for Rabi Crops, Marketing Season 2026-27",,Projected row contains projected yield only; labour cost and wage are intentionally left blank.
